"age","marital","education","default","balance","housing","loan","contact","day","month","duration","campaign","pdays","previous","poutcome","y"
50,"married","secondary","no",810,"yes","no","unknown",14,"may",19,14,-1,0,"unknown",0
37,"divorced","secondary","no",1040,"yes","no","cellular",13,"may",199,1,173,2,"failure",0
30,"single","secondary","no",102,"yes","no","unknown",7,"may",614,2,-1,0,"unknown",0
55,"married","secondary","no",2749,"yes","yes","unknown",29,"may",58,2,-1,0,"unknown",0
45,"married","primary","no",180,"yes","yes","unknown",27,"may",62,2,-1,0,"unknown",0
60,"married","tertiary","no",3387,"no","no","cellular",14,"aug",636,2,-1,0,"unknown",0
27,"single","secondary","no",282,"no","yes","cellular",9,"jul",676,5,-1,0,"unknown",0
38,"divorced","secondary","no",157,"no","no","unknown",9,"jun",299,5,-1,0,"unknown",0
60,"single","tertiary","no",179,"no","yes","cellular",29,"jul",79,4,-1,0,"unknown",0
55,"married","secondary","no",955,"yes","no","cellular",29,"jan",104,1,-1,0,"unknown",0
40,"married","secondary","no",1270,"no","no","cellular",17,"apr",342,2,-1,0,"unknown",0
37,"single","secondary","no",1175,"yes","no","cellular",15,"may",102,1,333,2,"failure",0
34,"single","secondary","no",2178,"yes","no","cellular",26,"may",41,1,-1,0,"unknown",0
33,"married","secondary","no",-118,"yes","yes","unknown",27,"may",421,3,-1,0,"unknown",0
29,"single","secondary","no",770,"yes","no","cellular",17,"apr",341,1,-1,0,"unknown",0
41,"divorced","secondary","no",0,"yes","no","cellular",17,"nov",386,2,-1,0,"unknown",0
35,"divorced","secondary","no",3102,"yes","no","cellular",20,"nov",138,1,-1,0,"unknown",0
53,"married","unknown","no",28,"no","no","cellular",31,"jul",117,2,-1,0,"unknown",0
38,"married","secondary","no",-278,"yes","no","cellular",28,"jul",143,2,-1,0,"unknown",0
39,"single","tertiary","no",-41,"no","yes","cellular",25,"aug",40,15,-1,0,"unknown",0
33,"married","primary","no",511,"yes","no","unknown",21,"may",304,2,-1,0,"unknown",0
52,"married","tertiary","no",-1224,"yes","no","cellular",7,"may",253,4,-1,0,"unknown",0
59,"married","tertiary","no",185,"no","no","cellular",22,"jun",177,5,138,1,"failure",0
35,"married","secondary","no",2,"no","no","telephone",28,"jan",653,3,-1,0,"unknown",0
36,"single","tertiary","no",2806,"yes","no","unknown",30,"may",358,4,-1,0,"unknown",0
32,"married","primary","no",103,"no","no","cellular",23,"jul",312,1,-1,0,"unknown",0
33,"single","secondary","no",4404,"yes","no","cellular",20,"nov",766,3,-1,0,"unknown",0
54,"married","secondary","no",158,"yes","no","unknown",19,"may",198,1,-1,0,"unknown",0
51,"married","unknown","no",5801,"yes","no","unknown",29,"may",147,2,-1,0,"unknown",0
38,"married","tertiary","no",846,"no","no","cellular",2,"jun",253,1,-1,0,"unknown",0
27,"married","secondary","no",-220,"yes","no","unknown",26,"may",138,2,-1,0,"unknown",0
34,"married","tertiary","no",415,"no","yes","cellular",23,"jul",361,2,-1,0,"unknown",0
40,"married","secondary","no",4157,"yes","no","unknown",15,"may",735,1,-1,0,"unknown",0
42,"divorced","unknown","no",0,"no","no","cellular",7,"jul",64,2,-1,0,"unknown",0
57,"married","tertiary","no",1602,"no","no","cellular",29,"jul",339,3,-1,0,"unknown",0
41,"single","secondary","no",-256,"no","yes","unknown",9,"may",35,3,-1,0,"unknown",0
41,"married","tertiary","no",771,"yes","no","cellular",26,"aug",106,8,-1,0,"unknown",0
39,"single","tertiary","no",816,"yes","no","cellular",27,"aug",37,3,-1,0,"unknown",0
52,"single","secondary","no",316,"no","no","cellular",12,"may",463,3,-1,0,"unknown",0
31,"married","primary","no",25,"no","no","cellular",21,"aug",169,5,-1,0,"unknown",0
28,"single","secondary","no",0,"yes","no","unknown",15,"may",133,3,-1,0,"unknown",0
57,"married","secondary","no",0,"no","no","unknown",19,"jun",97,1,-1,0,"unknown",0
37,"divorced","tertiary","no",4303,"yes","no","unknown",23,"may",168,1,-1,0,"unknown",0
33,"married","tertiary","no",641,"yes","no","cellular",13,"aug",347,2,-1,0,"unknown",0
48,"married","primary","no",607,"no","no","unknown",20,"jun",29,2,-1,0,"unknown",0
49,"divorced","tertiary","no",1904,"no","yes","cellular",17,"nov",131,2,-1,0,"unknown",0
31,"single","secondary","no",481,"yes","no","cellular",20,"nov",106,2,183,2,"failure",0
49,"married","secondary","no",1103,"no","no","cellular",12,"aug",428,2,-1,0,"unknown",0
43,"single","primary","no",2,"yes","no","cellular",30,"jul",783,3,-1,0,"unknown",0
39,"married","secondary","no",179,"no","no","unknown",6,"sep",36,1,-1,0,"unknown",0
49,"married","tertiary","no",7007,"no","no","cellular",17,"nov",325,2,-1,0,"unknown",0
50,"married","primary","no",-1,"no","no","cellular",19,"aug",195,2,-1,0,"unknown",0
32,"married","secondary","no",55,"yes","no","unknown",15,"may",546,9,-1,0,"unknown",0
40,"married","secondary","no",990,"yes","no","cellular",6,"feb",252,3,-1,0,"unknown",0
31,"married","secondary","no",1660,"yes","no","cellular",20,"apr",342,1,-1,0,"unknown",0
48,"married","primary","no",2537,"no","no","cellular",26,"aug",219,6,-1,0,"unknown",0
34,"single","tertiary","no",0,"no","no","cellular",21,"aug",191,2,-1,0,"unknown",0
47,"married","secondary","no",440,"yes","no","unknown",12,"jun",91,1,-1,0,"unknown",0
45,"married","secondary","no",115,"yes","no","cellular",6,"may",108,1,-1,0,"unknown",0
45,"married","secondary","no",2926,"yes","yes","cellular",19,"nov",482,3,120,2,"failure",0
27,"married","secondary","no",872,"yes","no","cellular",17,"apr",1130,3,-1,0,"unknown",0
35,"married","secondary","no",0,"no","no","unknown",7,"may",326,1,-1,0,"unknown",0
30,"married","tertiary","no",877,"no","no","cellular",13,"aug",202,1,83,5,"failure",0
37,"divorced","primary","no",260,"yes","no","cellular",17,"apr",446,2,-1,0,"unknown",0
49,"divorced","tertiary","no",2370,"yes","yes","unknown",17,"nov",56,1,103,2,"other",0
36,"married","tertiary","no",428,"no","no","unknown",28,"may",121,1,-1,0,"unknown",0
39,"single","secondary","no",36,"no","no","cellular",29,"aug",70,2,-1,0,"unknown",0
44,"married","tertiary","no",0,"yes","no","unknown",9,"jul",300,1,-1,0,"unknown",0
37,"married","tertiary","no",2685,"no","no","unknown",20,"jun",187,2,-1,0,"unknown",0
41,"married","secondary","no",552,"yes","no","cellular",12,"may",463,1,-1,0,"unknown",0
46,"divorced","tertiary","no",743,"no","no","unknown",5,"jun",36,2,-1,0,"unknown",0
56,"married","tertiary","no",21664,"no","no","unknown",17,"jun",214,8,-1,0,"unknown",0
42,"single","secondary","no",0,"no","no","cellular",21,"aug",656,2,-1,0,"unknown",0
31,"married","secondary","no",314,"yes","no","cellular",17,"apr",279,1,-1,0,"unknown",0
30,"single","tertiary","no",604,"no","yes","cellular",2,"feb",475,1,-1,0,"unknown",0
47,"divorced","primary","no",1279,"yes","no","cellular",6,"feb",479,2,-1,0,"unknown",0
47,"married","primary","no",0,"no","no","cellular",10,"aug",1225,2,-1,0,"unknown",0
39,"married","unknown","no",0,"no","no","cellular",2,"feb",731,1,193,3,"failure",0
32,"single","tertiary","no",1059,"yes","no","cellular",17,"apr",115,1,-1,0,"unknown",0
30,"single","tertiary","yes",35,"no","no","cellular",30,"jul",185,4,-1,0,"unknown",0
56,"married","secondary","no",83,"no","no","cellular",27,"aug",26,11,-1,0,"unknown",0
45,"divorced","tertiary","no",0,"no","no","unknown",1,"jun",5,1,-1,0,"unknown",0
32,"married","tertiary","no",396,"yes","no","cellular",13,"may",205,3,-1,0,"unknown",0
31,"married","secondary","no",1545,"yes","yes","cellular",13,"may",207,1,-1,0,"unknown",0
35,"divorced","secondary","no",275,"no","yes","cellular",10,"jul",144,5,-1,0,"unknown",0
53,"married","tertiary","no",451,"yes","no","cellular",2,"feb",125,1,249,2,"failure",0
31,"married","secondary","no",191,"yes","no","unknown",2,"jun",40,1,-1,0,"unknown",0
27,"single","tertiary","no",6421,"no","no","telephone",28,"jan",147,4,-1,0,"unknown",0
44,"married","secondary","no",438,"yes","no","telephone",8,"may",37,3,303,1,"failure",0
33,"married","tertiary","no",4020,"yes","yes","cellular",15,"apr",251,1,-1,0,"unknown",0
34,"married","secondary","no",96,"no","no","cellular",29,"aug",109,2,-1,0,"unknown",0
26,"married","secondary","no",0,"no","no","unknown",27,"may",755,1,-1,0,"unknown",0
33,"married","secondary","no",90,"yes","no","cellular",28,"jul",263,2,-1,0,"unknown",0
30,"single","secondary","yes",447,"no","no","unknown",14,"may",103,6,-1,0,"unknown",0
36,"married","secondary","no",141,"yes","no","unknown",23,"may",106,3,-1,0,"unknown",0
41,"married","tertiary","no",-29,"no","no","cellular",29,"jan",41,2,266,2,"failure",0
33,"married","secondary","no",210,"yes","yes","unknown",20,"may",201,1,-1,0,"unknown",0
37,"divorced","secondary","no",532,"yes","no","unknown",11,"jun",199,1,-1,0,"unknown",0
32,"single","tertiary","no",1218,"yes","no","telephone",28,"jan",70,2,-1,0,"unknown",0
35,"married","tertiary","no",2793,"no","no","cellular",20,"nov",258,2,-1,0,"unknown",0
35,"married","tertiary","no",118,"no","no","cellular",6,"aug",358,2,-1,0,"unknown",0
44,"married","secondary","no",576,"yes","no","unknown",8,"may",128,3,-1,0,"unknown",0
56,"married","secondary","no",2190,"no","yes","cellular",30,"jan",90,2,232,1,"failure",0
29,"single","secondary","no",192,"no","no","cellular",30,"jan",327,4,-1,0,"unknown",0
29,"single","secondary","no",486,"no","no","telephone",30,"apr",95,1,-1,0,"unknown",0
60,"married","secondary","no",2552,"no","yes","cellular",30,"jan",255,2,2,4,"other",0
28,"single","secondary","no",26,"yes","no","cellular",7,"may",227,2,-1,0,"unknown",0
34,"divorced","secondary","no",202,"yes","no","unknown",15,"may",318,1,-1,0,"unknown",0
36,"married","tertiary","no",1327,"no","no","cellular",29,"oct",174,2,-1,0,"unknown",0
51,"married","unknown","no",21244,"no","yes","cellular",4,"aug",166,2,-1,0,"unknown",0
39,"single","tertiary","no",2600,"yes","no","unknown",17,"jun",77,1,-1,0,"unknown",0
58,"married","primary","no",320,"yes","no","unknown",30,"may",171,2,-1,0,"unknown",0
34,"single","tertiary","no",1,"no","no","cellular",19,"nov",582,1,-1,0,"unknown",0
69,"married","secondary","no",745,"no","no","telephone",9,"sep",595,1,-1,0,"unknown",0
51,"married","primary","no",-11,"no","no","telephone",16,"jul",126,4,-1,0,"unknown",0
30,"married","tertiary","no",1380,"yes","no","unknown",21,"may",294,2,-1,0,"unknown",0
43,"married","tertiary","no",489,"yes","no","cellular",8,"may",130,1,172,2,"other",0
27,"single","secondary","no",23,"no","no","cellular",26,"feb",590,2,-1,0,"unknown",0
49,"married","secondary","no",12531,"no","no","cellular",13,"aug",77,8,-1,0,"unknown",0
41,"married","tertiary","no",51,"no","no","cellular",25,"aug",140,8,-1,0,"unknown",0
50,"divorced","tertiary","no",1790,"no","yes","cellular",6,"feb",748,3,-1,0,"unknown",0
40,"married","secondary","no",0,"yes","yes","cellular",26,"jul",105,2,172,1,"failure",0
34,"married","tertiary","no",475,"yes","yes","cellular",9,"jul",1156,1,-1,0,"unknown",0
59,"married","primary","no",0,"no","no","cellular",30,"jan",3025,2,-1,0,"unknown",0
59,"married","secondary","no",817,"no","no","cellular",9,"apr",304,1,-1,0,"unknown",0
55,"divorced","tertiary","no",1598,"no","no","cellular",22,"aug",607,4,-1,0,"unknown",0
29,"single","secondary","no",1117,"yes","no","unknown",8,"may",77,2,-1,0,"unknown",0
47,"married","secondary","no",5306,"yes","no","unknown",15,"may",322,1,-1,0,"unknown",0
31,"single","tertiary","no",64,"no","no","cellular",15,"sep",208,1,105,2,"success",0
40,"single","secondary","no",10378,"yes","no","cellular",17,"nov",523,3,-1,0,"unknown",0
53,"married","secondary","no",65,"no","no","cellular",25,"aug",41,2,-1,0,"unknown",0
37,"divorced","tertiary","no",0,"yes","no","cellular",11,"may",217,6,-1,0,"unknown",0
41,"single","secondary","no",879,"no","yes","cellular",7,"jul",60,4,-1,0,"unknown",0
36,"married","secondary","no",-302,"yes","no","cellular",13,"may",36,2,-1,0,"unknown",0
50,"divorced","primary","no",1545,"yes","no","cellular",20,"nov",25,1,-1,0,"unknown",0
25,"single","secondary","no",-350,"yes","no","unknown",23,"jun",95,3,-1,0,"unknown",0
56,"married","secondary","no",4063,"no","yes","telephone",28,"jul",31,4,-1,0,"unknown",0
41,"married","tertiary","no",1287,"no","no","unknown",16,"jun",286,1,-1,0,"unknown",0
47,"divorced","secondary","no",162,"yes","no","unknown",9,"may",203,4,-1,0,"unknown",0
47,"married","tertiary","no",286,"no","no","cellular",22,"aug",557,7,-1,0,"unknown",0
36,"married","tertiary","no",16430,"yes","no","unknown",6,"jun",197,3,-1,0,"unknown",0
29,"married","tertiary","no",20,"yes","no","cellular",12,"may",418,1,-1,0,"unknown",0
35,"single","secondary","no",1810,"yes","no","cellular",25,"may",65,2,-1,0,"unknown",0
46,"married","secondary","no",3533,"yes","no","cellular",12,"aug",235,2,-1,0,"unknown",0
44,"married","tertiary","no",332,"yes","no","cellular",23,"jul",497,5,-1,0,"unknown",0
29,"single","tertiary","no",5980,"yes","no","unknown",28,"may",317,1,-1,0,"unknown",0
49,"married","secondary","no",2576,"yes","no","cellular",15,"may",64,6,-1,0,"unknown",0
57,"married","secondary","no",35,"no","yes","unknown",26,"jun",215,3,-1,0,"unknown",0
29,"single","tertiary","no",452,"yes","no","cellular",11,"may",59,1,-1,0,"unknown",0
35,"single","tertiary","no",0,"yes","no","cellular",21,"jul",262,4,-1,0,"unknown",0
45,"married","primary","no",58,"yes","no","telephone",13,"may",119,3,371,3,"failure",0
30,"single","secondary","no",3485,"no","no","cellular",2,"feb",142,2,-1,0,"unknown",0
41,"divorced","secondary","no",-365,"yes","no","unknown",28,"may",226,10,-1,0,"unknown",0
37,"single","secondary","no",-244,"no","no","unknown",3,"jul",178,1,-1,0,"unknown",0
55,"married","secondary","no",1102,"yes","no","unknown",15,"may",126,2,-1,0,"unknown",0
27,"single","secondary","no",259,"yes","no","unknown",23,"may",78,10,-1,0,"unknown",0
48,"married","unknown","no",439,"yes","no","cellular",2,"feb",212,1,249,2,"other",0
57,"married","tertiary","no",2416,"no","no","cellular",11,"aug",74,2,-1,0,"unknown",0
54,"married","tertiary","no",1544,"no","yes","cellular",5,"feb",85,7,196,3,"failure",0
46,"married","primary","no",0,"no","no","telephone",2,"feb",161,1,-1,0,"unknown",0
36,"married","secondary","no",470,"yes","no","cellular",31,"jul",101,4,-1,0,"unknown",0
77,"married","primary","no",680,"no","no","telephone",27,"nov",341,4,94,3,"failure",0
29,"married","secondary","no",308,"yes","no","unknown",28,"may",75,1,-1,0,"unknown",0
54,"divorced","tertiary","no",6102,"yes","yes","unknown",21,"may",86,6,-1,0,"unknown",0
46,"married","secondary","no",390,"yes","no","cellular",31,"jul",208,2,-1,0,"unknown",0
55,"divorced","secondary","yes",-404,"yes","no","cellular",22,"jul",502,3,-1,0,"unknown",0
37,"married","secondary","no",1063,"yes","no","cellular",31,"jul",413,2,-1,0,"unknown",0
60,"married","unknown","no",104,"yes","no","unknown",5,"may",22,1,-1,0,"unknown",0
29,"married","secondary","no",912,"yes","no","cellular",13,"may",785,1,-1,0,"unknown",0
56,"married","secondary","no",-113,"yes","yes","cellular",12,"aug",614,2,-1,0,"unknown",0
32,"married","secondary","no",253,"yes","no","unknown",4,"jun",257,3,-1,0,"unknown",0
42,"married","tertiary","no",753,"no","no","unknown",17,"jun",31,1,-1,0,"unknown",0
35,"divorced","tertiary","no",4515,"yes","no","cellular",19,"nov",98,2,-1,0,"unknown",0
49,"married","primary","no",0,"yes","yes","telephone",23,"jul",97,6,-1,0,"unknown",0
37,"divorced","secondary","no",1287,"yes","no","cellular",14,"may",432,1,-1,0,"unknown",0
26,"single","secondary","no",63,"no","no","cellular",28,"jul",76,4,-1,0,"unknown",0
47,"married","unknown","no",14,"yes","no","cellular",15,"may",142,1,-1,0,"unknown",0
44,"divorced","secondary","no",432,"no","no","cellular",9,"feb",132,3,-1,0,"unknown",0
30,"single","secondary","no",1009,"yes","no","cellular",29,"jan",253,1,-1,0,"unknown",0
60,"married","primary","no",1472,"no","no","unknown",20,"jun",36,4,-1,0,"unknown",0
42,"single","secondary","no",30,"yes","no","cellular",4,"feb",98,1,266,3,"failure",0
57,"married","secondary","no",14093,"no","no","cellular",11,"aug",231,5,-1,0,"unknown",0
33,"single","tertiary","no",3170,"no","no","cellular",28,"oct",246,2,-1,0,"unknown",0
41,"married","tertiary","no",176,"yes","yes","unknown",5,"may",42,1,-1,0,"unknown",0
29,"divorced","secondary","no",92,"yes","no","cellular",7,"may",240,1,-1,0,"unknown",0
58,"married","secondary","no",502,"yes","no","cellular",12,"may",197,2,370,3,"failure",0
52,"single","tertiary","no",1623,"yes","no","unknown",5,"jun",21,17,-1,0,"unknown",0
29,"married","secondary","no",182,"yes","no","telephone",13,"may",38,3,-1,0,"unknown",0
60,"married","primary","no",71,"no","no","cellular",10,"jul",121,3,-1,0,"unknown",0
54,"married","secondary","no",1157,"no","no","cellular",26,"may",98,2,-1,0,"unknown",0
49,"married","secondary","no",167,"yes","yes","unknown",6,"may",198,3,-1,0,"unknown",0
25,"single","tertiary","no",468,"yes","no","unknown",15,"may",147,1,-1,0,"unknown",0
31,"single","secondary","no",373,"no","no","cellular",22,"aug",346,5,-1,0,"unknown",0
39,"married","primary","no",385,"yes","no","unknown",16,"may",225,4,-1,0,"unknown",0
53,"married","secondary","no",105,"no","yes","cellular",21,"aug",74,2,-1,0,"unknown",0
58,"married","unknown","no",937,"no","no","cellular",5,"aug",155,1,-1,0,"unknown",0
44,"divorced","secondary","no",0,"no","no","cellular",12,"aug",56,2,-1,0,"unknown",0
32,"single","tertiary","no",336,"yes","no","unknown",8,"may",139,1,-1,0,"unknown",0
38,"married","tertiary","no",-70,"yes","no","cellular",30,"jan",140,1,2,3,"other",0
40,"divorced","secondary","no",1959,"yes","no","unknown",30,"may",177,1,-1,0,"unknown",0
27,"married","secondary","no",362,"yes","no","unknown",14,"may",332,2,-1,0,"unknown",0
50,"single","secondary","no",3897,"no","no","cellular",26,"oct",298,1,-1,0,"unknown",0
60,"married","primary","no",0,"no","no","telephone",23,"jul",40,1,-1,0,"unknown",0
35,"married","secondary","no",262,"no","no","cellular",2,"jul",96,2,109,4,"success",0
31,"single","tertiary","no",-162,"yes","no","cellular",18,"may",380,1,-1,0,"unknown",0
41,"married","tertiary","no",2885,"no","no","cellular",19,"nov",40,1,-1,0,"unknown",0
41,"married","tertiary","no",251,"no","yes","unknown",6,"jun",85,3,-1,0,"unknown",0
57,"divorced","secondary","no",4664,"no","no","cellular",21,"nov",22,4,114,1,"failure",0
27,"married","secondary","no",130,"yes","no","cellular",7,"may",265,3,-1,0,"unknown",0
28,"married","primary","no",702,"yes","no","unknown",26,"jun",318,2,-1,0,"unknown",0
34,"married","secondary","no",470,"yes","yes","cellular",20,"apr",217,1,-1,0,"unknown",0
32,"married","tertiary","no",3939,"no","no","cellular",8,"aug",209,2,-1,0,"unknown",0
34,"single","secondary","no",440,"yes","no","cellular",6,"may",445,2,345,2,"failure",0
43,"married","secondary","no",764,"yes","no","cellular",14,"jul",557,5,-1,0,"unknown",0
39,"married","primary","no",238,"yes","yes","cellular",19,"nov",134,1,-1,0,"unknown",0
35,"single","tertiary","no",2988,"yes","no","cellular",25,"may",179,1,-1,0,"unknown",0
39,"married","secondary","no",1072,"yes","no","unknown",27,"may",1168,2,-1,0,"unknown",0
35,"married","tertiary","no",175,"yes","no","cellular",7,"aug",257,2,-1,0,"unknown",0
50,"married","tertiary","no",-470,"yes","no","cellular",19,"nov",130,2,160,1,"failure",0
32,"married","tertiary","no",357,"yes","no","cellular",18,"nov",175,2,-1,0,"unknown",0
41,"divorced","primary","no",2195,"yes","no","unknown",3,"jun",211,5,-1,0,"unknown",0
50,"married","tertiary","no",4012,"no","no","cellular",19,"nov",690,3,-1,0,"unknown",0
47,"married","secondary","no",826,"yes","no","telephone",18,"nov",195,3,112,8,"other",0
34,"single","tertiary","no",1011,"yes","no","unknown",6,"may",136,1,-1,0,"unknown",0
44,"married","secondary","no",93,"no","no","cellular",7,"jul",125,2,-1,0,"unknown",0
40,"married","tertiary","no",0,"no","no","cellular",19,"aug",44,1,-1,0,"unknown",0
36,"married","tertiary","no",0,"no","no","cellular",22,"aug",147,2,-1,0,"unknown",0
48,"married","tertiary","no",998,"yes","no","cellular",29,"jan",121,3,-1,0,"unknown",0
60,"married","secondary","no",89,"no","no","cellular",30,"apr",156,2,-1,0,"unknown",0
37,"married","tertiary","no",836,"yes","no","unknown",27,"may",129,2,-1,0,"unknown",0
62,"married","secondary","no",367,"no","no","telephone",2,"mar",139,5,-1,0,"unknown",0
39,"married","secondary","no",285,"yes","yes","unknown",6,"may",209,1,-1,0,"unknown",0
36,"married","secondary","no",134,"no","no","unknown",20,"may",98,1,-1,0,"unknown",0
57,"married","tertiary","no",0,"yes","no","cellular",21,"nov",67,1,-1,0,"unknown",0
34,"married","secondary","no",1847,"yes","no","cellular",9,"apr",543,3,321,6,"failure",0
51,"married","secondary","no",260,"no","no","cellular",27,"aug",316,5,-1,0,"unknown",0
26,"married","tertiary","no",454,"yes","yes","unknown",23,"may",28,18,-1,0,"unknown",0
47,"married","secondary","no",2322,"no","no","cellular",22,"aug",618,1,-1,0,"unknown",0
39,"married","secondary","no",1970,"yes","no","unknown",8,"jun",30,1,404,2,"success",0
53,"divorced","unknown","no",629,"yes","no","cellular",8,"may",298,1,-1,0,"unknown",0
43,"married","tertiary","no",2886,"no","no","cellular",20,"nov",230,1,-1,0,"unknown",0
26,"married","primary","no",0,"yes","no","unknown",21,"may",425,1,-1,0,"unknown",0
28,"single","secondary","no",304,"no","no","cellular",14,"jun",516,1,-1,0,"unknown",0
47,"divorced","secondary","no",136,"no","yes","cellular",23,"jul",70,1,-1,0,"unknown",0
31,"married","tertiary","no",271,"no","no","cellular",18,"nov",89,1,-1,0,"unknown",0
43,"married","secondary","no",0,"yes","yes","cellular",4,"feb",539,8,204,5,"failure",0
49,"married","secondary","no",171,"no","no","cellular",4,"feb",19,3,175,2,"other",0
39,"married","tertiary","no",794,"no","no","telephone",2,"feb",182,1,-1,0,"unknown",0
31,"single","secondary","no",1094,"yes","no","unknown",12,"jun",93,8,-1,0,"unknown",0
37,"married","secondary","no",64,"yes","no","cellular",12,"may",239,4,278,2,"other",0
48,"single","secondary","no",-552,"no","yes","cellular",21,"nov",150,2,-1,0,"unknown",0
42,"married","secondary","no",-396,"yes","no","cellular",11,"may",80,1,308,4,"failure",0
37,"divorced","tertiary","no",168,"yes","no","unknown",5,"jun",227,1,-1,0,"unknown",0
39,"married","secondary","no",293,"yes","no","unknown",23,"may",160,3,-1,0,"unknown",0
34,"married","secondary","no",3990,"yes","no","cellular",24,"jul",633,7,-1,0,"unknown",0
45,"married","unknown","no",473,"yes","no","unknown",27,"may",147,1,-1,0,"unknown",0
50,"married","secondary","no",1011,"yes","no","telephone",30,"jul",340,2,-1,0,"unknown",0
54,"divorced","secondary","no",1012,"yes","no","cellular",12,"may",33,3,175,2,"other",0
57,"married","tertiary","yes",-3313,"yes","yes","unknown",9,"may",153,1,-1,0,"unknown",0
35,"married","secondary","no",1067,"no","yes","cellular",12,"aug",179,6,-1,0,"unknown",0
39,"divorced","tertiary","no",1315,"yes","no","cellular",19,"nov",1337,4,126,1,"failure",0
34,"single","tertiary","no",-292,"yes","no","cellular",19,"aug",181,6,-1,0,"unknown",0
28,"married","secondary","no",232,"yes","yes","cellular",29,"jan",72,1,261,1,"failure",0
31,"married","secondary","no",3706,"yes","no","cellular",20,"nov",129,1,-1,0,"unknown",0
37,"married","secondary","no",-67,"no","no","cellular",2,"feb",157,1,-1,0,"unknown",0
36,"married","secondary","no",472,"yes","no","unknown",19,"jun",1017,1,-1,0,"unknown",0
32,"married","tertiary","no",4908,"no","yes","cellular",13,"may",491,2,-1,0,"unknown",0
33,"single","tertiary","no",201,"yes","no","cellular",19,"nov",171,1,183,1,"failure",0
46,"divorced","secondary","no",361,"yes","no","unknown",19,"may",86,7,-1,0,"unknown",0
43,"divorced","tertiary","no",497,"no","no","cellular",13,"may",66,1,363,22,"failure",0
31,"single","secondary","no",125,"no","no","cellular",22,"aug",78,2,-1,0,"unknown",0
53,"married","tertiary","no",2289,"yes","yes","cellular",17,"nov",183,1,-1,0,"unknown",0
26,"single","tertiary","no",211,"no","no","cellular",29,"jan",168,3,-1,0,"unknown",0
31,"single","secondary","yes",25,"no","no","cellular",2,"feb",381,1,-1,0,"unknown",0
26,"married","primary","no",5116,"yes","no","cellular",22,"jul",246,3,-1,0,"unknown",0
46,"divorced","secondary","no",558,"no","no","cellular",19,"aug",126,6,-1,0,"unknown",0
51,"divorced","secondary","no",12,"yes","no","cellular",17,"nov",150,1,-1,0,"unknown",0
33,"divorced","tertiary","no",39,"no","no","cellular",19,"aug",123,5,-1,0,"unknown",0
44,"married","tertiary","no",1707,"no","no","cellular",8,"aug",406,3,-1,0,"unknown",0
34,"single","tertiary","no",8038,"yes","no","cellular",20,"apr",29,3,152,1,"failure",0
60,"divorced","unknown","no",-49,"yes","no","cellular",29,"jan",188,1,261,2,"failure",0
26,"single","secondary","no",96,"yes","no","cellular",13,"may",612,2,348,3,"other",0
56,"married","secondary","no",205,"no","yes","cellular",23,"jul",442,2,-1,0,"unknown",0
39,"married","secondary","no",186,"yes","no","cellular",17,"apr",433,1,-1,0,"unknown",0
42,"married","secondary","no",-1310,"yes","yes","unknown",28,"may",162,1,-1,0,"unknown",0
41,"married","primary","no",-204,"yes","yes","unknown",6,"jun",42,1,-1,0,"unknown",0
41,"married","tertiary","no",13,"no","no","unknown",5,"jun",189,2,-1,0,"unknown",0
30,"single","secondary","no",566,"no","no","cellular",5,"feb",110,1,-1,0,"unknown",0
57,"single","secondary","no",254,"no","no","cellular",8,"oct",676,1,-1,0,"unknown",0
32,"married","secondary","no",167,"yes","yes","cellular",8,"aug",79,3,-1,0,"unknown",0
57,"married","primary","no",282,"no","yes","cellular",7,"jul",261,12,-1,0,"unknown",0
30,"married","secondary","no",699,"yes","no","unknown",29,"may",544,1,-1,0,"unknown",0
33,"married","primary","no",-195,"no","no","unknown",20,"sep",9,1,-1,0,"unknown",0
53,"married","tertiary","no",37,"no","no","cellular",28,"aug",51,9,-1,0,"unknown",0
35,"married","primary","no",378,"yes","no","unknown",16,"may",427,3,-1,0,"unknown",0
34,"married","secondary","no",0,"no","no","cellular",2,"feb",270,1,-1,0,"unknown",0
57,"married","primary","no",0,"no","no","unknown",9,"jun",257,2,-1,0,"unknown",0
43,"married","secondary","no",520,"yes","no","unknown",20,"may",15,13,-1,0,"unknown",0
41,"married","secondary","no",343,"yes","no","unknown",14,"may",89,7,-1,0,"unknown",0
26,"single","secondary","no",3529,"no","yes","cellular",7,"sep",57,2,-1,0,"unknown",0
40,"married","secondary","no",0,"no","no","unknown",12,"jun",543,2,-1,0,"unknown",0
30,"married","secondary","no",123,"no","yes","unknown",17,"jul",66,1,85,5,"other",0
22,"single","secondary","no",333,"no","yes","telephone",12,"nov",129,1,-1,0,"unknown",0
33,"married","secondary","no",2727,"no","no","cellular",6,"aug",205,3,-1,0,"unknown",0
45,"married","primary","no",44,"no","no","unknown",11,"jun",81,1,-1,0,"unknown",0
45,"married","secondary","no",88,"no","no","cellular",29,"aug",150,2,-1,0,"unknown",0
33,"married","secondary","no",932,"yes","no","unknown",21,"may",226,1,-1,0,"unknown",0
42,"married","tertiary","no",233,"no","no","cellular",5,"feb",446,1,-1,0,"unknown",0
27,"married","secondary","no",818,"yes","no","unknown",3,"jun",188,5,-1,0,"unknown",0
35,"married","tertiary","no",552,"yes","yes","cellular",19,"nov",314,2,124,1,"failure",0
36,"married","secondary","no",2880,"no","no","unknown",12,"jun",283,1,-1,0,"unknown",0
26,"single","secondary","no",565,"yes","no","unknown",6,"jun",582,11,-1,0,"unknown",0
33,"married","secondary","no",86,"yes","no","unknown",19,"may",364,1,-1,0,"unknown",0
41,"married","secondary","no",0,"no","no","cellular",29,"aug",141,2,-1,0,"unknown",0
30,"married","secondary","no",946,"yes","no","cellular",19,"nov",1065,1,183,1,"other",0
35,"married","primary","no",285,"yes","no","cellular",29,"jan",136,1,-1,0,"unknown",0
60,"married","secondary","no",78,"yes","no","unknown",12,"may",113,3,-1,0,"unknown",0
58,"married","secondary","no",3496,"yes","no","unknown",2,"jun",111,4,-1,0,"unknown",0
34,"single","secondary","no",663,"yes","no","cellular",20,"apr",111,1,-1,0,"unknown",0
55,"married","primary","no",136,"yes","no","unknown",19,"jun",15,10,-1,0,"unknown",0
23,"single","secondary","no",5,"no","no","unknown",12,"may",413,1,-1,0,"unknown",0
37,"married","secondary","no",1,"no","no","unknown",15,"may",395,2,-1,0,"unknown",0
34,"married","secondary","no",1,"yes","no","cellular",19,"nov",108,1,-1,0,"unknown",0
36,"married","secondary","no",63,"yes","no","unknown",2,"jun",56,8,-1,0,"unknown",0
46,"single","tertiary","no",2154,"yes","no","cellular",21,"jul",87,4,-1,0,"unknown",0
44,"married","secondary","no",262,"yes","no","cellular",9,"jul",74,1,-1,0,"unknown",0
54,"married","primary","no",541,"yes","no","cellular",3,"feb",237,3,-1,0,"unknown",0
38,"married","secondary","no",376,"yes","no","unknown",7,"may",1521,1,-1,0,"unknown",0
79,"divorced","unknown","no",2628,"no","no","telephone",8,"jul",220,7,450,2,"failure",0
34,"married","secondary","no",584,"yes","no","cellular",18,"jul",154,2,-1,0,"unknown",0
44,"married","tertiary","no",3762,"no","no","cellular",28,"aug",125,12,-1,0,"unknown",0
42,"married","secondary","no",1048,"yes","no","telephone",6,"feb",23,2,-1,0,"unknown",0
57,"married","primary","no",-226,"yes","no","unknown",4,"jun",272,1,-1,0,"unknown",0
26,"single","secondary","no",1064,"no","no","unknown",31,"may",113,1,-1,0,"unknown",0
40,"married","tertiary","no",1584,"yes","no","telephone",21,"nov",661,1,-1,0,"unknown",0
46,"married","secondary","no",781,"no","no","unknown",13,"may",152,1,-1,0,"unknown",0
38,"married","secondary","no",4030,"yes","no","cellular",19,"nov",75,2,177,5,"failure",0
32,"single","tertiary","no",2629,"no","no","cellular",28,"aug",77,4,-1,0,"unknown",0
40,"single","secondary","no",591,"no","yes","cellular",14,"aug",87,6,-1,0,"unknown",0
52,"divorced","primary","no",1758,"yes","no","unknown",15,"may",41,1,-1,0,"unknown",0
42,"married","secondary","no",3068,"yes","yes","cellular",11,"may",429,2,-1,0,"unknown",0
51,"married","primary","no",844,"yes","no","unknown",29,"may",184,3,-1,0,"unknown",0
36,"single","tertiary","no",260,"yes","no","cellular",7,"may",49,1,-1,0,"unknown",0
31,"single","secondary","no",102,"yes","no","telephone",17,"apr",460,2,345,2,"failure",0
40,"married","tertiary","no",-495,"no","yes","cellular",29,"jul",303,2,-1,0,"unknown",0
57,"married","secondary","no",2137,"no","no","telephone",8,"jul",132,7,-1,0,"unknown",0
31,"married","secondary","no",0,"no","yes","cellular",15,"jul",624,6,-1,0,"unknown",0
51,"married","secondary","no",1490,"yes","no","cellular",18,"jul",227,2,-1,0,"unknown",0
27,"single","secondary","no",261,"yes","yes","cellular",18,"may",113,1,-1,0,"unknown",0
45,"divorced","primary","no",942,"no","no","cellular",21,"nov",362,1,-1,0,"unknown",0
33,"married","secondary","no",331,"yes","no","cellular",14,"may",178,7,365,5,"other",0
32,"single","secondary","no",2817,"yes","no","cellular",21,"nov",195,1,-1,0,"unknown",0
37,"married","tertiary","no",801,"no","no","cellular",11,"aug",331,7,-1,0,"unknown",0
30,"single","secondary","no",192,"no","no","cellular",22,"jul",423,1,-1,0,"unknown",0
23,"single","primary","no",8627,"yes","no","unknown",3,"jun",281,1,-1,0,"unknown",0
43,"married","secondary","no",3060,"yes","no","unknown",15,"may",253,2,-1,0,"unknown",0
51,"married","secondary","no",0,"no","yes","unknown",26,"jun",565,3,-1,0,"unknown",0
48,"married","tertiary","no",0,"no","no","telephone",26,"aug",176,15,-1,0,"unknown",0
36,"married","secondary","no",-148,"no","no","cellular",18,"nov",144,2,-1,0,"unknown",0
45,"married","unknown","no",1783,"no","no","unknown",20,"jun",11,11,-1,0,"unknown",0
45,"married","secondary","no",2571,"no","no","unknown",18,"jun",146,2,-1,0,"unknown",0
35,"single","secondary","no",2116,"yes","no","cellular",13,"may",409,2,-1,0,"unknown",0
38,"married","secondary","no",0,"no","yes","cellular",16,"jul",1473,6,-1,0,"unknown",0
31,"married","unknown","no",-120,"yes","no","cellular",17,"jul",231,2,-1,0,"unknown",0
43,"single","secondary","no",593,"yes","no","unknown",5,"may",55,1,-1,0,"unknown",0
32,"married","unknown","no",73,"yes","no","cellular",21,"nov",158,1,135,1,"failure",0
37,"single","secondary","no",228,"yes","no","cellular",20,"aug",1740,2,-1,0,"unknown",0
39,"married","secondary","no",1439,"yes","no","telephone",28,"jul",73,6,-1,0,"unknown",0
33,"married","secondary","no",1158,"yes","no","cellular",20,"apr",25,2,-1,0,"unknown",0
36,"married","primary","no",973,"yes","yes","unknown",23,"may",293,1,-1,0,"unknown",0
33,"married","secondary","no",3470,"no","no","cellular",11,"aug",285,2,-1,0,"unknown",0
32,"married","secondary","no",2400,"yes","yes","cellular",5,"feb",450,3,-1,0,"unknown",0
52,"married","secondary","no",64,"no","no","telephone",29,"aug",20,2,-1,0,"unknown",0
34,"married","secondary","no",4659,"yes","no","unknown",30,"aug",28,1,-1,0,"unknown",0
33,"divorced","primary","no",636,"yes","no","cellular",9,"jul",211,11,-1,0,"unknown",0
58,"married","primary","no",73,"no","no","unknown",17,"jun",116,1,-1,0,"unknown",0
24,"married","secondary","no",1222,"yes","no","cellular",20,"apr",369,1,-1,0,"unknown",0
33,"single","tertiary","no",99,"no","no","cellular",8,"jul",159,1,-1,0,"unknown",0
44,"divorced","tertiary","no",0,"no","no","cellular",22,"aug",54,2,-1,0,"unknown",0
35,"single","tertiary","no",3552,"no","no","cellular",21,"nov",267,1,-1,0,"unknown",0
39,"married","secondary","no",406,"no","no","cellular",30,"jul",253,5,-1,0,"unknown",0
37,"married","secondary","no",176,"yes","no","cellular",5,"may",147,2,347,1,"failure",0
42,"divorced","tertiary","no",0,"no","no","unknown",19,"may",131,2,-1,0,"unknown",0
32,"single","secondary","no",0,"no","no","cellular",26,"aug",181,2,-1,0,"unknown",0
67,"married","unknown","no",696,"no","no","telephone",4,"may",77,2,-1,0,"unknown",0
49,"married","tertiary","no",92,"yes","no","unknown",6,"may",221,2,-1,0,"unknown",0
59,"married","secondary","no",1173,"no","no","unknown",9,"jun",77,2,-1,0,"unknown",0
55,"married","secondary","no",1467,"no","yes","cellular",29,"jul",277,2,-1,0,"unknown",0
53,"married","primary","no",6839,"yes","no","cellular",19,"nov",77,1,-1,0,"unknown",0
36,"single","tertiary","no",-679,"yes","yes","cellular",7,"may",172,1,93,1,"failure",0
26,"single","secondary","no",7,"yes","no","cellular",22,"jul",188,2,-1,0,"unknown",0
34,"single","secondary","no",341,"no","yes","cellular",29,"jan",136,1,262,3,"failure",0
46,"single","tertiary","no",705,"no","no","cellular",4,"feb",398,1,-1,0,"unknown",0
33,"single","tertiary","no",349,"no","no","cellular",22,"aug",182,1,-1,0,"unknown",0
29,"married","tertiary","no",43,"yes","no","unknown",20,"may",68,2,-1,0,"unknown",0
23,"married","primary","no",1158,"yes","no","cellular",16,"apr",743,1,-1,0,"unknown",0
26,"single","secondary","no",127,"yes","yes","cellular",23,"jul",85,3,-1,0,"unknown",0
33,"married","secondary","no",745,"yes","no","unknown",23,"may",115,4,-1,0,"unknown",0
35,"married","primary","no",298,"yes","no","cellular",13,"may",135,2,370,2,"failure",0
28,"single","secondary","no",126,"no","no","cellular",3,"mar",229,1,-1,0,"unknown",0
35,"married","secondary","no",1160,"yes","no","unknown",27,"may",116,3,-1,0,"unknown",0
31,"married","tertiary","no",309,"yes","yes","unknown",7,"may",294,1,-1,0,"unknown",0
32,"single","secondary","no",1721,"yes","no","unknown",21,"may",650,2,-1,0,"unknown",0
30,"married","secondary","no",6,"yes","no","cellular",28,"jan",241,3,-1,0,"unknown",0
51,"married","primary","no",40,"yes","no","cellular",13,"may",79,1,370,1,"failure",0
25,"single","primary","no",-221,"yes","no","unknown",23,"may",250,1,-1,0,"unknown",0
53,"divorced","primary","no",255,"no","no","cellular",19,"nov",126,1,-1,0,"unknown",0
30,"married","tertiary","no",931,"no","no","cellular",17,"jul",1183,1,-1,0,"unknown",0
46,"married","tertiary","no",137,"yes","yes","unknown",5,"may",246,1,-1,0,"unknown",0
46,"married","primary","no",276,"yes","yes","unknown",6,"may",157,2,-1,0,"unknown",0
32,"single","tertiary","no",131,"no","no","unknown",3,"jun",267,3,-1,0,"unknown",0
34,"married","secondary","no",79,"yes","no","unknown",23,"may",83,1,-1,0,"unknown",0
53,"married","tertiary","no",146,"no","no","unknown",30,"may",150,1,-1,0,"unknown",0
39,"married","secondary","no",5731,"yes","no","unknown",20,"may",175,2,-1,0,"unknown",0
35,"married","tertiary","no",0,"yes","no","cellular",21,"jul",295,3,-1,0,"unknown",0
49,"divorced","secondary","no",32,"no","no","cellular",5,"feb",128,1,-1,0,"unknown",0
45,"married","secondary","no",776,"yes","no","cellular",6,"feb",232,4,253,1,"failure",0
43,"married","secondary","no",625,"yes","no","unknown",30,"sep",175,1,-1,0,"unknown",0
42,"married","primary","no",969,"yes","no","cellular",13,"may",721,1,-1,0,"unknown",0
54,"married","secondary","no",865,"yes","no","cellular",17,"nov",71,1,-1,0,"unknown",0
37,"single","tertiary","no",3315,"yes","no","cellular",9,"apr",820,2,-1,0,"unknown",0
53,"divorced","unknown","no",1012,"yes","no","cellular",28,"jul",332,2,-1,0,"unknown",0
52,"divorced","secondary","no",204,"no","no","cellular",7,"aug",134,2,-1,0,"unknown",0
51,"married","secondary","yes",-2082,"no","yes","cellular",28,"jul",123,6,-1,0,"unknown",0
46,"married","tertiary","no",477,"yes","no","unknown",20,"may",128,6,-1,0,"unknown",0
38,"married","tertiary","no",1042,"yes","no","cellular",4,"feb",419,2,-1,0,"unknown",0
41,"married","secondary","no",21515,"yes","no","unknown",5,"jun",87,1,-1,0,"unknown",0
41,"married","secondary","no",2125,"yes","yes","cellular",21,"nov",285,3,116,4,"failure",0
47,"married","tertiary","no",751,"no","no","cellular",24,"jul",408,14,-1,0,"unknown",0
29,"single","unknown","no",33,"no","no","unknown",1,"jul",161,1,-1,0,"unknown",0
25,"single","secondary","no",-352,"no","no","cellular",15,"jul",246,1,-1,0,"unknown",0
34,"married","secondary","no",1298,"yes","no","unknown",20,"may",120,1,-1,0,"unknown",0
37,"married","tertiary","no",3288,"no","no","cellular",8,"aug",124,2,-1,0,"unknown",0
36,"married","secondary","no",-423,"yes","yes","unknown",13,"may",106,1,-1,0,"unknown",0
33,"single","tertiary","no",-67,"yes","no","unknown",5,"may",364,1,-1,0,"unknown",0
50,"married","secondary","no",283,"yes","no","cellular",7,"aug",226,3,-1,0,"unknown",0
53,"married","secondary","no",4968,"no","no","cellular",6,"may",109,1,87,2,"failure",0
31,"married","secondary","no",0,"no","yes","telephone",15,"jul",275,2,-1,0,"unknown",0
45,"married","tertiary","no",265,"no","no","cellular",28,"aug",14,3,-1,0,"unknown",0
51,"single","tertiary","yes",-55,"yes","no","cellular",11,"may",281,2,266,6,"failure",0
33,"single","tertiary","no",1410,"yes","no","cellular",5,"feb",8,1,254,5,"failure",0
37,"single","secondary","no",1050,"yes","no","cellular",3,"feb",586,3,-1,0,"unknown",0
41,"married","primary","no",849,"yes","no","unknown",15,"may",72,1,-1,0,"unknown",0
32,"single","secondary","no",518,"yes","no","cellular",18,"may",34,7,-1,0,"unknown",0
32,"married","secondary","no",1787,"yes","no","cellular",12,"may",87,4,357,4,"failure",0
33,"married","secondary","no",181,"yes","yes","telephone",28,"jul",265,2,-1,0,"unknown",0
35,"single","tertiary","no",2486,"yes","no","cellular",25,"may",265,1,-1,0,"unknown",0
41,"married","secondary","no",338,"yes","no","unknown",14,"may",87,1,-1,0,"unknown",0
60,"single","tertiary","no",2934,"no","no","cellular",8,"aug",233,2,-1,0,"unknown",0
29,"single","secondary","no",417,"no","no","cellular",7,"oct",90,1,-1,0,"unknown",0
37,"single","tertiary","no",556,"no","no","unknown",17,"jun",200,2,-1,0,"unknown",0
38,"single","tertiary","no",807,"no","no","cellular",27,"feb",74,2,-1,0,"unknown",0
51,"married","secondary","no",2237,"yes","no","unknown",29,"may",619,1,-1,0,"unknown",0
37,"single","secondary","no",21,"yes","no","cellular",2,"feb",96,1,271,2,"other",0
39,"married","tertiary","no",2,"yes","no","cellular",17,"nov",180,1,-1,0,"unknown",0
38,"single","tertiary","no",744,"yes","no","cellular",14,"may",283,1,288,12,"other",0
38,"married","tertiary","no",389,"yes","no","unknown",6,"may",262,1,-1,0,"unknown",0
27,"married","secondary","no",1577,"yes","yes","unknown",28,"may",266,2,-1,0,"unknown",0
28,"single","secondary","no",2034,"yes","no","unknown",21,"may",196,1,-1,0,"unknown",0
53,"married","tertiary","no",3177,"no","no","cellular",8,"aug",92,2,-1,0,"unknown",0
30,"single","tertiary","no",19358,"no","no","cellular",19,"nov",258,2,-1,0,"unknown",0
56,"married","primary","no",828,"yes","no","cellular",14,"may",214,1,349,1,"failure",0
26,"single","tertiary","no",205,"no","no","unknown",26,"may",111,1,-1,0,"unknown",0
34,"married","secondary","no",244,"yes","no","cellular",31,"jul",56,4,-1,0,"unknown",0
32,"single","tertiary","no",474,"yes","no","cellular",7,"aug",90,3,-1,0,"unknown",0
56,"divorced","tertiary","no",442,"no","no","unknown",28,"may",77,3,-1,0,"unknown",0
37,"divorced","secondary","no",414,"no","no","cellular",29,"jan",293,2,162,4,"failure",0
35,"married","secondary","no",839,"yes","no","unknown",23,"may",50,3,-1,0,"unknown",0
40,"married","tertiary","no",1548,"yes","no","cellular",13,"apr",101,3,-1,0,"unknown",0
42,"divorced","secondary","no",2974,"yes","no","unknown",21,"may",187,5,-1,0,"unknown",0
49,"divorced","unknown","no",39,"yes","no","cellular",13,"may",27,5,-1,0,"unknown",0
44,"married","primary","no",887,"yes","no","cellular",12,"may",165,2,363,1,"failure",0
58,"married","primary","no",65,"no","no","unknown",27,"jun",162,1,-1,0,"unknown",0
35,"married","tertiary","no",980,"no","no","cellular",2,"aug",428,2,336,6,"failure",0
33,"single","secondary","no",647,"yes","yes","cellular",4,"feb",124,1,273,1,"other",0
60,"married","unknown","no",7337,"no","no","cellular",4,"aug",122,1,-1,0,"unknown",0
49,"single","tertiary","no",588,"no","no","cellular",28,"aug",70,9,-1,0,"unknown",0
46,"married","secondary","no",-1400,"yes","no","telephone",6,"may",309,3,355,4,"failure",0
40,"divorced","secondary","no",1927,"yes","no","unknown",15,"may",62,1,-1,0,"unknown",0
29,"married","tertiary","no",3931,"yes","no","unknown",3,"jun",73,4,-1,0,"unknown",0
58,"married","tertiary","no",744,"no","no","telephone",28,"jan",38,1,-1,0,"unknown",0
35,"married","secondary","no",243,"yes","no","cellular",20,"apr",41,3,-1,0,"unknown",0
52,"married","primary","no",230,"yes","no","cellular",6,"may",198,2,170,2,"failure",0
46,"married","primary","no",143,"yes","no","unknown",7,"may",279,1,-1,0,"unknown",0
45,"married","secondary","no",784,"yes","yes","unknown",3,"jun",34,1,-1,0,"unknown",0
34,"married","secondary","no",-136,"yes","yes","cellular",12,"aug",131,2,-1,0,"unknown",0
57,"married","tertiary","no",320,"no","no","cellular",7,"aug",76,2,-1,0,"unknown",0
34,"single","tertiary","no",144,"yes","yes","cellular",14,"oct",104,1,85,19,"failure",0
28,"married","secondary","no",0,"yes","no","cellular",5,"may",335,2,281,8,"failure",0
44,"married","tertiary","no",460,"no","no","unknown",17,"jun",491,1,-1,0,"unknown",0
40,"married","secondary","no",4441,"yes","no","cellular",20,"nov",153,2,183,2,"failure",0
37,"single","unknown","no",504,"yes","no","cellular",16,"apr",555,1,-1,0,"unknown",0
57,"married","secondary","no",139,"no","no","cellular",17,"aug",80,1,-1,0,"unknown",0
53,"married","tertiary","no",-22,"yes","no","cellular",31,"jul",20,3,-1,0,"unknown",0
56,"divorced","secondary","no",985,"no","yes","cellular",18,"aug",150,2,-1,0,"unknown",0
53,"divorced","secondary","no",0,"yes","yes","cellular",30,"apr",586,2,-1,0,"unknown",0
38,"single","secondary","no",883,"yes","no","cellular",12,"may",95,1,327,9,"other",0
43,"married","secondary","no",7876,"yes","no","cellular",11,"aug",209,2,-1,0,"unknown",0
47,"married","primary","no",556,"yes","no","cellular",4,"feb",147,2,264,4,"other",0
47,"married","primary","no",187,"yes","no","unknown",9,"may",165,1,-1,0,"unknown",0
41,"single","secondary","no",231,"no","no","cellular",9,"jul",76,2,-1,0,"unknown",0
36,"married","tertiary","no",23,"no","no","cellular",26,"aug",133,11,-1,0,"unknown",0
67,"married","unknown","no",696,"no","no","telephone",17,"aug",119,1,105,2,"failure",0
40,"single","secondary","no",2378,"yes","no","unknown",2,"jun",65,1,-1,0,"unknown",0
54,"married","primary","no",4503,"no","no","telephone",21,"nov",168,3,-1,0,"unknown",0
38,"married","secondary","no",0,"no","no","cellular",28,"aug",82,4,-1,0,"unknown",0
44,"divorced","secondary","no",316,"yes","no","cellular",21,"jul",163,3,-1,0,"unknown",0
33,"single","tertiary","no",-53,"no","no","cellular",29,"jan",617,2,-1,0,"unknown",0
53,"married","tertiary","no",12,"no","no","cellular",27,"aug",345,10,-1,0,"unknown",0
35,"married","tertiary","no",0,"no","no","cellular",5,"may",74,1,168,4,"failure",0
39,"single","secondary","no",4143,"yes","yes","unknown",2,"jun",21,1,-1,0,"unknown",0
34,"married","tertiary","no",573,"no","no","cellular",10,"aug",122,1,-1,0,"unknown",0
62,"married","secondary","no",816,"no","no","cellular",1,"sep",28,2,-1,0,"unknown",0
32,"married","primary","no",66,"no","no","cellular",19,"nov",244,1,-1,0,"unknown",0
31,"married","secondary","no",0,"yes","yes","unknown",6,"may",144,2,-1,0,"unknown",0
44,"married","secondary","yes",0,"yes","no","cellular",11,"jul",96,2,-1,0,"unknown",0
34,"married","tertiary","no",1906,"yes","no","cellular",14,"jul",68,3,-1,0,"unknown",0
58,"married","secondary","no",225,"no","no","cellular",7,"aug",122,6,-1,0,"unknown",0
32,"single","secondary","no",29,"no","no","cellular",19,"aug",156,2,-1,0,"unknown",0
29,"married","secondary","no",358,"no","no","cellular",21,"jul",88,5,-1,0,"unknown",0
36,"married","secondary","no",-231,"no","yes","cellular",15,"jul",779,2,-1,0,"unknown",0
43,"married","tertiary","no",1429,"yes","no","cellular",19,"nov",1015,1,198,2,"other",1
31,"single","secondary","no",2544,"no","no","cellular",15,"jul",252,1,184,3,"success",1
60,"single","primary","no",11262,"no","no","cellular",26,"aug",323,1,-1,0,"unknown",1
27,"single","secondary","no",158,"no","no","unknown",1,"jul",650,2,-1,0,"unknown",1
48,"married","primary","no",7195,"no","no","cellular",21,"nov",609,2,-1,0,"unknown",1
43,"married","secondary","no",3285,"yes","no","unknown",13,"may",1721,2,-1,0,"unknown",1
50,"single","tertiary","no",1200,"no","no","cellular",14,"aug",904,3,-1,0,"unknown",1
46,"divorced","secondary","no",-824,"yes","no","cellular",7,"aug",429,3,-1,0,"unknown",1
55,"married","secondary","yes",-308,"no","no","cellular",2,"feb",781,1,-1,0,"unknown",1
47,"divorced","secondary","no",225,"no","no","cellular",28,"aug",1126,4,-1,0,"unknown",1
74,"married","secondary","no",921,"no","no","telephone",17,"apr",394,2,-1,0,"unknown",1
33,"married","secondary","no",0,"yes","no","telephone",17,"jul",1448,7,-1,0,"unknown",1
27,"single","secondary","no",213,"no","no","cellular",27,"mar",378,1,-1,0,"unknown",1
60,"married","primary","no",362,"no","yes","cellular",29,"jul",816,6,-1,0,"unknown",1
62,"divorced","tertiary","no",0,"no","no","cellular",13,"nov",227,2,-1,0,"unknown",1
36,"married","primary","no",1177,"no","no","cellular",15,"apr",330,1,311,4,"success",1
39,"single","secondary","no",7066,"yes","no","cellular",15,"may",667,3,357,3,"other",1
44,"single","secondary","no",244,"yes","no","cellular",12,"aug",1735,4,-1,0,"unknown",1
28,"single","tertiary","no",442,"no","no","cellular",19,"jun",474,3,95,3,"other",1
73,"married","primary","no",796,"no","no","cellular",23,"oct",427,1,182,2,"failure",1
38,"single","secondary","no",-242,"yes","no","cellular",18,"may",1173,3,278,6,"success",1
68,"married","secondary","no",19317,"yes","no","cellular",4,"aug",249,1,-1,0,"unknown",1
83,"married","primary","no",425,"no","no","telephone",22,"jun",883,1,140,1,"failure",1
47,"married","secondary","no",1167,"yes","no","cellular",30,"apr",968,1,87,5,"failure",1
55,"divorced","secondary","no",3450,"no","no","cellular",10,"feb",169,1,183,1,"failure",1
34,"divorced","unknown","no",172,"no","no","cellular",15,"jun",177,1,-1,0,"unknown",1
37,"married","tertiary","no",5106,"no","no","cellular",30,"apr",244,1,-1,0,"unknown",1
38,"married","tertiary","no",2812,"yes","no","cellular",30,"apr",830,1,-1,0,"unknown",1
36,"single","secondary","no",1511,"yes","no","cellular",16,"nov",270,1,-1,0,"unknown",1
27,"single","secondary","no",-195,"yes","no","cellular",18,"may",391,1,-1,0,"unknown",1
41,"divorced","primary","no",664,"no","yes","cellular",15,"jul",955,5,-1,0,"unknown",1
33,"single","tertiary","no",61,"no","no","cellular",19,"aug",836,3,-1,0,"unknown",1
35,"single","tertiary","no",2658,"yes","no","cellular",19,"aug",768,2,141,3,"failure",1
79,"married","primary","no",429,"no","no","telephone",8,"jul",1006,2,-1,0,"unknown",1
34,"married","tertiary","no",3050,"yes","no","cellular",13,"may",469,1,-1,0,"unknown",1
53,"married","unknown","no",2240,"yes","no","cellular",2,"jun",282,2,385,1,"success",1
43,"married","secondary","no",2160,"no","no","cellular",8,"sep",261,1,98,1,"success",1
38,"married","tertiary","no",1199,"no","no","cellular",4,"aug",178,1,1,1,"success",1
75,"divorced","tertiary","no",3810,"yes","no","cellular",16,"nov",262,1,183,1,"failure",1
46,"divorced","secondary","no",-90,"no","yes","telephone",17,"oct",270,1,-1,0,"unknown",1
32,"married","secondary","yes",-53,"yes","no","cellular",16,"apr",648,1,272,1,"other",1
44,"single","secondary","no",1679,"no","no","telephone",20,"oct",718,1,-1,0,"unknown",1
72,"married","primary","no",763,"no","no","cellular",24,"apr",384,2,-1,0,"unknown",1
51,"single","tertiary","no",297,"yes","no","cellular",15,"may",415,4,375,1,"failure",1
27,"single","tertiary","no",5291,"no","no","cellular",12,"nov",192,2,92,2,"failure",1
30,"single","tertiary","no",2,"yes","yes","cellular",25,"jul",1031,8,-1,0,"unknown",1
32,"divorced","tertiary","no",883,"yes","no","cellular",10,"dec",798,1,185,5,"other",1
29,"single","tertiary","no",1026,"no","no","cellular",12,"nov",226,1,92,1,"other",1
42,"single","secondary","no",-247,"yes","yes","telephone",21,"oct",519,1,166,1,"other",1
59,"married","secondary","no",2308,"no","no","cellular",30,"apr",815,1,87,1,"other",1
56,"married","secondary","no",-1206,"yes","no","cellular",15,"jun",382,2,-1,0,"unknown",1
32,"single","secondary","no",620,"yes","no","unknown",26,"may",1234,3,-1,0,"unknown",1
49,"single","tertiary","no",151,"yes","no","cellular",8,"jul",97,3,-1,0,"unknown",1
44,"married","secondary","no",2776,"yes","no","cellular",27,"jan",701,1,-1,0,"unknown",1
49,"divorced","unknown","yes",-701,"yes","no","cellular",30,"jul",988,2,-1,0,"unknown",1
26,"single","tertiary","no",294,"no","no","cellular",5,"mar",87,1,91,2,"success",1
39,"divorced","secondary","no",902,"yes","no","cellular",10,"feb",691,2,180,5,"failure",1
41,"single","secondary","no",75,"yes","no","unknown",1,"jul",479,9,-1,0,"unknown",1
35,"single","tertiary","no",145,"yes","no","cellular",18,"jul",799,2,-1,0,"unknown",1
55,"divorced","primary","no",976,"no","no","cellular",28,"jun",345,1,94,3,"other",1
49,"married","secondary","no",823,"no","no","cellular",8,"aug",780,4,-1,0,"unknown",1
32,"single","secondary","no",2881,"no","no","cellular",2,"jul",356,1,-1,0,"unknown",1
27,"married","secondary","no",897,"no","no","cellular",5,"jun",397,1,-1,0,"unknown",1
29,"single","secondary","no",113,"no","no","cellular",12,"feb",328,2,183,4,"success",1
33,"married","tertiary","no",1064,"yes","no","cellular",13,"may",562,1,-1,0,"unknown",1
31,"single","primary","no",406,"no","no","cellular",4,"feb",736,1,-1,0,"unknown",1
46,"divorced","tertiary","no",624,"no","no","cellular",17,"sep",336,2,183,2,"success",1
57,"married","secondary","no",2887,"no","no","cellular",21,"aug",819,10,-1,0,"unknown",1
34,"married","secondary","no",1337,"no","no","cellular",17,"dec",330,2,127,3,"success",1
87,"married","primary","no",230,"no","no","cellular",30,"oct",144,1,-1,0,"unknown",1
34,"married","tertiary","no",606,"no","no","cellular",20,"apr",97,1,-1,0,"unknown",1
25,"married","tertiary","no",10,"yes","no","cellular",21,"jul",857,4,-1,0,"unknown",1
28,"single","tertiary","no",4579,"no","no","cellular",12,"jan",409,2,-1,0,"unknown",1
52,"single","tertiary","no",83,"no","no","cellular",26,"aug",1223,6,-1,0,"unknown",1
46,"married","tertiary","no",273,"yes","no","cellular",18,"mar",910,2,184,4,"success",1
71,"married","tertiary","no",14220,"yes","no","cellular",9,"sep",397,1,-1,0,"unknown",1
65,"married","unknown","no",4717,"no","no","telephone",6,"aug",256,1,-1,0,"unknown",1
31,"married","tertiary","no",636,"yes","no","cellular",4,"may",352,4,-1,0,"unknown",1
53,"married","secondary","no",1796,"no","no","telephone",16,"mar",295,1,91,2,"success",1
31,"married","tertiary","no",1331,"no","no","cellular",30,"apr",297,1,86,3,"success",1
38,"married","tertiary","no",1988,"no","no","cellular",27,"mar",164,2,130,2,"failure",1
32,"single","tertiary","no",2,"yes","no","cellular",11,"sep",100,2,-1,0,"unknown",1
51,"divorced","secondary","no",9228,"no","no","cellular",18,"jul",655,4,-1,0,"unknown",1
58,"divorced","tertiary","no",1382,"no","no","unknown",9,"jun",700,1,-1,0,"unknown",1
34,"married","tertiary","no",703,"yes","no","cellular",14,"apr",342,1,-1,0,"unknown",1
61,"married","secondary","no",4608,"no","no","cellular",12,"mar",212,1,-1,0,"unknown",1
52,"married","secondary","no",2087,"yes","no","cellular",31,"aug",267,1,474,1,"failure",1
42,"divorced","secondary","no",936,"no","no","cellular",30,"jan",931,1,-1,0,"unknown",1
28,"single","secondary","no",198,"no","no","cellular",5,"jul",128,2,-1,0,"unknown",1
42,"married","tertiary","no",2187,"yes","no","cellular",17,"nov",525,3,-1,0,"unknown",1
37,"married","tertiary","no",5355,"no","no","telephone",17,"feb",466,4,-1,0,"unknown",1
84,"divorced","primary","no",639,"no","no","telephone",18,"may",353,3,-1,0,"unknown",1
39,"single","tertiary","no",426,"no","no","unknown",18,"jun",1029,1,-1,0,"unknown",1
36,"married","primary","no",1925,"yes","no","cellular",20,"apr",904,2,-1,0,"unknown",1
68,"divorced","secondary","no",4189,"no","no","telephone",14,"jul",897,2,-1,0,"unknown",1
29,"single","tertiary","no",437,"no","no","cellular",5,"aug",504,1,92,1,"success",1
28,"married","secondary","no",2788,"yes","no","unknown",6,"jun",369,2,-1,0,"unknown",1
52,"divorced","primary","no",-191,"yes","no","unknown",15,"may",755,1,-1,0,"unknown",1
47,"married","secondary","no",1233,"yes","no","unknown",11,"sep",91,1,100,2,"other",1
47,"single","tertiary","no",3727,"no","no","unknown",12,"jun",993,6,-1,0,"unknown",1
50,"married","unknown","no",558,"no","no","cellular",9,"jul",464,1,683,6,"failure",1
41,"married","primary","no",5310,"yes","no","cellular",17,"nov",984,1,-1,0,"unknown",1
49,"married","secondary","no",687,"yes","no","cellular",17,"apr",772,1,-1,0,"unknown",1
35,"married","tertiary","no",8,"no","no","cellular",23,"apr",93,3,-1,0,"unknown",1
46,"married","secondary","no",548,"no","no","cellular",12,"aug",1181,4,-1,0,"unknown",1
38,"married","tertiary","no",3234,"no","no","cellular",18,"nov",578,2,-1,0,"unknown",1
33,"married","secondary","no",661,"yes","no","cellular",18,"jul",968,1,-1,0,"unknown",1
25,"single","tertiary","no",760,"yes","no","cellular",27,"may",223,3,89,2,"failure",1
29,"divorced","secondary","no",84,"yes","no","cellular",13,"apr",1101,2,-1,0,"unknown",1
31,"married","tertiary","no",2603,"yes","no","cellular",11,"feb",280,4,-1,0,"unknown",1
59,"married","primary","no",0,"no","no","cellular",5,"jun",493,2,-1,0,"unknown",1
28,"single","tertiary","no",80,"no","no","cellular",20,"oct",676,2,146,2,"failure",1
36,"married","tertiary","no",3057,"no","no","unknown",16,"jun",2769,4,-1,0,"unknown",1
28,"single","secondary","no",153,"no","no","cellular",23,"jul",1124,2,-1,0,"unknown",1
38,"single","tertiary","no",623,"no","no","cellular",28,"jun",297,4,144,4,"other",1
60,"married","secondary","no",3735,"no","no","cellular",22,"dec",190,1,188,9,"success",1
32,"married","secondary","no",2089,"yes","no","cellular",14,"nov",132,1,-1,0,"unknown",1
61,"married","unknown","no",4629,"yes","no","cellular",27,"jan",181,1,92,1,"success",1
31,"married","tertiary","no",1224,"yes","yes","cellular",24,"jul",1441,2,-1,0,"unknown",1
43,"married","secondary","no",699,"yes","yes","cellular",20,"nov",1258,2,122,2,"other",1
61,"married","tertiary","no",997,"no","no","cellular",10,"mar",106,1,-1,0,"unknown",1
48,"married","tertiary","no",1167,"yes","yes","cellular",1,"jun",264,1,-1,0,"unknown",1
47,"married","secondary","no",405,"no","yes","cellular",8,"aug",994,2,-1,0,"unknown",1
33,"single","secondary","no",697,"no","no","cellular",6,"feb",860,2,-1,0,"unknown",1
56,"married","secondary","no",45,"no","no","unknown",5,"may",1467,1,-1,0,"unknown",1
38,"married","secondary","no",6728,"no","no","cellular",25,"nov",232,1,96,4,"success",1
31,"married","tertiary","no",4148,"yes","no","cellular",21,"nov",316,3,99,9,"other",1
54,"married","tertiary","no",8295,"no","no","cellular",5,"jun",207,1,-1,0,"unknown",1
44,"single","tertiary","no",2734,"yes","no","cellular",12,"may",897,4,-1,0,"unknown",1
29,"single","tertiary","no",2325,"no","no","cellular",2,"feb",125,1,-1,0,"unknown",1
31,"married","tertiary","no",156,"no","no","cellular",13,"aug",657,7,-1,0,"unknown",1
30,"single","tertiary","no",302,"no","no","cellular",11,"feb",528,3,-1,0,"unknown",1
45,"divorced","secondary","no",0,"no","no","cellular",29,"oct",264,1,-1,0,"unknown",1
49,"married","primary","no",3371,"no","no","cellular",11,"nov",269,2,-1,0,"unknown",1
50,"married","secondary","no",3357,"no","no","cellular",9,"jun",239,4,-1,0,"unknown",1
42,"single","secondary","no",1080,"yes","yes","cellular",13,"may",951,3,370,4,"failure",1
35,"married","tertiary","no",7050,"no","no","cellular",11,"aug",222,3,182,4,"success",1
49,"married","secondary","no",3608,"yes","no","unknown",13,"nov",231,1,-1,0,"unknown",1
32,"married","secondary","no",1905,"yes","no","cellular",16,"jul",709,2,-1,0,"unknown",1
43,"single","tertiary","no",1304,"no","no","cellular",6,"aug",501,2,-1,0,"unknown",1
55,"divorced","secondary","no",1580,"no","yes","unknown",19,"jun",1007,1,-1,0,"unknown",1
52,"married","secondary","no",195,"yes","no","cellular",18,"feb",220,1,63,5,"failure",1
38,"divorced","secondary","no",70,"no","no","cellular",27,"oct",255,3,148,1,"success",1
38,"married","tertiary","no",170,"yes","no","cellular",18,"may",442,1,-1,0,"unknown",1
34,"married","secondary","no",2374,"yes","no","cellular",9,"nov",161,1,209,2,"failure",1
39,"divorced","secondary","no",687,"yes","no","cellular",9,"jul",869,1,-1,0,"unknown",1
59,"married","unknown","no",1033,"no","no","unknown",11,"jun",1199,1,-1,0,"unknown",1
54,"married","secondary","no",-315,"no","yes","cellular",10,"jul",2029,1,-1,0,"unknown",1
38,"married","secondary","no",226,"yes","no","unknown",30,"may",762,3,-1,0,"unknown",1
47,"single","secondary","no",3696,"no","no","cellular",12,"jul",250,2,181,4,"success",1
35,"married","secondary","no",2971,"no","no","cellular",4,"may",429,4,164,2,"failure",1
32,"single","tertiary","no",41,"no","no","cellular",21,"aug",686,5,-1,0,"unknown",1
31,"married","secondary","no",1766,"no","yes","cellular",5,"jun",166,2,-1,0,"unknown",1
41,"married","primary","no",-306,"yes","no","unknown",15,"may",500,1,-1,0,"unknown",1
19,"single","secondary","no",302,"no","no","cellular",16,"jul",205,1,-1,0,"unknown",1
39,"married","tertiary","no",763,"yes","no","cellular",11,"may",877,7,300,2,"other",1
34,"married","tertiary","no",0,"yes","no","cellular",7,"aug",262,1,99,2,"success",1
22,"single","primary","no",3472,"no","no","cellular",20,"oct",332,1,183,3,"failure",1
42,"married","tertiary","no",1205,"no","no","telephone",8,"sep",376,2,-1,0,"unknown",1
33,"married","tertiary","no",79,"yes","no","cellular",22,"oct",249,2,335,2,"failure",1
42,"married","tertiary","no",372,"yes","no","cellular",3,"aug",654,2,-1,0,"unknown",1
30,"married","tertiary","no",102,"yes","no","cellular",5,"apr",470,7,426,3,"other",1
26,"single","primary","no",-887,"yes","no","cellular",18,"may",827,2,-1,0,"unknown",1
25,"single","tertiary","no",343,"no","no","cellular",1,"jun",377,1,-1,0,"unknown",1
23,"single","primary","no",4,"yes","no","unknown",13,"may",395,2,-1,0,"unknown",1
51,"divorced","secondary","no",1679,"no","no","cellular",12,"aug",417,1,365,9,"other",1
25,"married","tertiary","no",-242,"yes","yes","cellular",18,"may",600,4,332,4,"other",1
32,"single","tertiary","no",5514,"no","no","cellular",22,"apr",319,1,182,1,"success",1
60,"married","tertiary","no",4256,"yes","no","cellular",16,"aug",239,3,761,1,"other",1
50,"married","tertiary","no",3463,"no","yes","cellular",28,"oct",96,1,-1,0,"unknown",1
30,"single","secondary","no",315,"no","no","cellular",23,"jun",1407,1,-1,0,"unknown",1
75,"married","secondary","no",3771,"no","no","telephone",15,"apr",185,1,181,2,"success",1
24,"married","secondary","no",4500,"yes","no","cellular",11,"may",733,2,-1,0,"unknown",1
39,"married","primary","no",2303,"yes","no","unknown",17,"jun",775,3,-1,0,"unknown",1
53,"married","tertiary","no",15,"no","no","cellular",20,"aug",921,2,-1,0,"unknown",1
41,"single","secondary","yes",-386,"no","yes","cellular",20,"nov",477,1,-1,0,"unknown",1
34,"married","tertiary","no",3301,"yes","no","cellular",17,"jun",485,2,227,4,"failure",1
35,"divorced","tertiary","no",0,"yes","no","telephone",29,"oct",171,1,-1,0,"unknown",1
52,"single","unknown","no",2227,"no","no","cellular",24,"feb",242,2,-1,0,"unknown",1
37,"married","secondary","no",1978,"no","no","cellular",9,"sep",404,1,182,1,"success",1
43,"divorced","tertiary","no",388,"yes","no","unknown",8,"may",2087,2,-1,0,"unknown",1
41,"married","tertiary","no",326,"yes","no","cellular",5,"may",788,1,-1,0,"unknown",1
41,"single","secondary","no",1020,"yes","no","unknown",19,"may",882,1,-1,0,"unknown",1
47,"married","secondary","no",1219,"no","no","cellular",18,"aug",697,4,-1,0,"unknown",1
46,"divorced","secondary","no",2232,"no","no","cellular",13,"feb",121,1,-1,0,"unknown",1
40,"married","secondary","no",1451,"no","no","cellular",1,"jun",314,1,-1,0,"unknown",1
34,"married","secondary","no",247,"no","no","cellular",8,"oct",401,2,-1,0,"unknown",1
53,"married","primary","no",732,"no","no","cellular",27,"oct",759,2,-1,0,"unknown",1
33,"single","secondary","no",2085,"no","no","cellular",9,"feb",501,2,-1,0,"unknown",1
48,"married","secondary","no",4415,"yes","no","cellular",8,"apr",1032,3,141,7,"failure",1
35,"married","tertiary","no",1265,"yes","no","cellular",15,"may",326,5,179,4,"failure",1
34,"married","secondary","no",1076,"no","no","cellular",12,"may",152,1,182,6,"success",1
56,"married","secondary","no",1044,"no","no","telephone",3,"jul",353,2,-1,0,"unknown",1
69,"married","unknown","no",426,"no","no","telephone",9,"mar",225,1,90,1,"success",1
38,"married","secondary","no",593,"yes","yes","cellular",24,"jul",1484,24,-1,0,"unknown",1
47,"married","tertiary","no",2306,"no","no","telephone",6,"aug",239,4,-1,0,"unknown",1
45,"single","tertiary","no",2048,"yes","no","cellular",18,"oct",310,1,804,1,"failure",1
27,"single","secondary","no",3792,"no","no","cellular",22,"apr",279,2,-1,0,"unknown",1
27,"single","tertiary","no",3733,"yes","no","cellular",22,"may",198,1,98,6,"success",1
45,"married","secondary","no",5346,"yes","yes","unknown",21,"oct",187,1,-1,0,"unknown",1
53,"married","secondary","no",459,"no","no","cellular",5,"apr",558,1,-1,0,"unknown",1
40,"single","secondary","no",100,"yes","no","cellular",11,"aug",221,1,461,1,"success",1
28,"single","secondary","no",-46,"yes","no","cellular",1,"sep",199,1,92,14,"success",1
40,"married","tertiary","no",0,"no","no","cellular",10,"nov",147,1,96,8,"success",1
47,"single","tertiary","no",4402,"no","no","telephone",10,"dec",805,1,190,1,"other",1
41,"married","primary","no",39,"yes","no","cellular",21,"nov",549,2,-1,0,"unknown",1
41,"married","tertiary","no",231,"no","no","cellular",7,"aug",352,2,-1,0,"unknown",1
37,"single","secondary","no",3665,"no","no","cellular",12,"aug",664,3,-1,0,"unknown",1
30,"single","tertiary","no",424,"no","no","cellular",16,"apr",298,4,-1,0,"unknown",1
25,"single","secondary","no",505,"no","yes","cellular",17,"nov",386,2,-1,0,"unknown",1
51,"married","secondary","no",117,"no","no","cellular",24,"aug",467,2,88,4,"other",1
30,"married","tertiary","no",944,"no","no","cellular",29,"oct",251,2,-1,0,"unknown",1
37,"married","unknown","no",189,"no","no","cellular",1,"oct",238,1,107,2,"success",1
28,"single","secondary","no",4745,"no","no","telephone",12,"may",360,1,181,5,"success",1
34,"married","primary","no",2929,"no","no","cellular",14,"aug",518,2,-1,0,"unknown",1
52,"married","tertiary","no",-970,"yes","no","cellular",4,"feb",489,1,-1,0,"unknown",1
33,"divorced","secondary","no",2411,"yes","no","cellular",23,"oct",130,1,161,1,"failure",1
50,"married","unknown","no",2284,"yes","no","telephone",31,"jul",1088,17,-1,0,"unknown",1
20,"single","secondary","no",502,"no","no","cellular",30,"apr",261,1,-1,0,"unknown",1
63,"married","secondary","no",3904,"no","no","telephone",4,"aug",250,2,187,2,"success",1
59,"married","primary","no",4198,"no","no","cellular",14,"jan",309,1,91,10,"success",1
36,"married","tertiary","no",2987,"yes","no","cellular",12,"aug",307,1,-1,0,"unknown",1
48,"married","secondary","no",480,"yes","no","cellular",15,"may",830,1,352,2,"failure",1
77,"married","tertiary","no",7802,"no","no","telephone",4,"may",421,1,92,2,"success",1
35,"married","secondary","no",4508,"yes","no","cellular",18,"nov",854,1,-1,0,"unknown",1
37,"single","secondary","no",-242,"yes","no","cellular",13,"aug",1149,6,-1,0,"unknown",1
55,"married","primary","no",3334,"no","no","cellular",14,"aug",632,4,-1,0,"unknown",1
22,"single","tertiary","no",691,"no","no","cellular",19,"aug",338,1,-1,0,"unknown",1
24,"married","secondary","no",556,"yes","no","cellular",18,"aug",460,2,-1,0,"unknown",1
34,"single","tertiary","no",5086,"no","no","cellular",25,"may",213,4,-1,0,"unknown",1
78,"divorced","primary","no",229,"no","no","telephone",22,"oct",97,1,-1,0,"unknown",1
32,"single","secondary","no",230,"yes","no","cellular",18,"may",442,1,266,8,"failure",1
59,"married","secondary","no",259,"no","no","cellular",15,"jun",415,1,89,1,"success",1
50,"divorced","secondary","no",-54,"yes","yes","cellular",13,"may",698,2,292,1,"failure",1
57,"married","secondary","no",1044,"no","no","telephone",11,"jan",585,1,192,2,"success",1
31,"married","tertiary","no",325,"yes","no","cellular",18,"jul",1139,2,-1,0,"unknown",1
32,"single","tertiary","no",4665,"yes","no","unknown",21,"may",860,2,-1,0,"unknown",1
45,"single","primary","no",1893,"yes","no","unknown",3,"jun",1259,6,-1,0,"unknown",1
36,"single","tertiary","no",490,"no","no","cellular",28,"aug",207,8,98,1,"failure",1
44,"married","tertiary","no",1058,"no","no","cellular",11,"mar",188,3,-1,0,"unknown",1
49,"married","secondary","no",197,"yes","no","cellular",13,"apr",223,1,182,2,"failure",1
40,"single","secondary","no",3,"no","no","cellular",19,"nov",998,1,-1,0,"unknown",1
59,"divorced","secondary","no",5845,"no","no","cellular",14,"may",1060,2,-1,0,"unknown",1
29,"single","tertiary","no",572,"no","no","cellular",16,"dec",314,1,195,1,"success",1
35,"married","secondary","no",978,"no","no","cellular",29,"dec",1370,3,209,3,"success",1
61,"married","secondary","no",985,"no","no","cellular",18,"aug",998,6,-1,0,"unknown",1
61,"divorced","tertiary","no",6610,"no","no","cellular",24,"feb",481,2,-1,0,"unknown",1
32,"single","secondary","no",152,"yes","no","cellular",25,"may",158,2,-1,0,"unknown",1
37,"married","tertiary","no",1315,"no","no","cellular",30,"jun",224,1,-1,0,"unknown",1
59,"single","secondary","no",351,"yes","no","unknown",27,"may",1063,5,-1,0,"unknown",1
36,"married","tertiary","no",1133,"yes","no","cellular",4,"aug",293,1,181,2,"other",1
38,"single","secondary","no",2543,"no","no","cellular",10,"aug",223,1,414,4,"failure",1
54,"married","secondary","no",2206,"no","no","cellular",12,"nov",104,1,99,2,"other",1
60,"married","primary","no",493,"no","no","cellular",18,"aug",671,4,-1,0,"unknown",1
54,"married","tertiary","no",876,"no","no","cellular",27,"oct",269,3,541,3,"success",1
38,"married","unknown","no",3576,"no","no","cellular",25,"nov",349,2,183,1,"success",1
52,"married","tertiary","no",2557,"no","no","cellular",28,"jan",134,5,204,2,"success",1
33,"married","secondary","no",133,"no","no","cellular",4,"may",218,1,-1,0,"unknown",1
32,"divorced","tertiary","no",874,"no","no","cellular",12,"aug",1282,6,-1,0,"unknown",1
42,"married","secondary","no",4945,"yes","no","cellular",2,"mar",311,2,-1,0,"unknown",1
53,"married","secondary","no",25,"no","no","cellular",22,"aug",528,2,-1,0,"unknown",1
80,"married","secondary","no",8304,"no","no","telephone",9,"jun",712,1,64,12,"failure",1
41,"divorced","tertiary","no",5037,"no","no","cellular",23,"apr",252,9,185,5,"other",1
38,"married","tertiary","no",3436,"no","no","cellular",21,"nov",663,4,-1,0,"unknown",1
36,"single","secondary","yes",12,"no","no","cellular",12,"aug",587,2,-1,0,"unknown",1
77,"married","tertiary","no",0,"no","no","cellular",16,"oct",847,1,60,1,"success",1
83,"divorced","primary","no",1097,"no","no","telephone",5,"mar",181,1,-1,0,"unknown",1
35,"married","secondary","no",152,"yes","no","unknown",2,"jun",563,1,-1,0,"unknown",1
56,"married","primary","no",3391,"no","no","cellular",21,"apr",243,1,-1,0,"unknown",1
46,"married","secondary","no",668,"yes","no","unknown",15,"may",1263,2,-1,0,"unknown",1
35,"divorced","tertiary","no",1354,"yes","no","unknown",23,"may",736,2,-1,0,"unknown",1
35,"single","tertiary","no",5958,"yes","no","cellular",22,"mar",215,1,-1,0,"unknown",1
59,"divorced","secondary","no",1026,"no","no","unknown",5,"nov",669,1,-1,0,"unknown",1
67,"married","tertiary","no",701,"no","no","cellular",6,"aug",254,2,-1,0,"unknown",1
29,"married","tertiary","no",199,"yes","yes","unknown",7,"may",1689,4,-1,0,"unknown",1
49,"married","secondary","no",320,"no","no","telephone",9,"feb",1971,4,-1,0,"unknown",1
45,"married","secondary","no",204,"yes","no","cellular",3,"jun",224,2,-1,0,"unknown",1
58,"married","primary","no",565,"no","no","telephone",7,"jul",876,1,-1,0,"unknown",1
54,"divorced","tertiary","no",0,"no","no","unknown",13,"may",618,1,-1,0,"unknown",1
66,"married","primary","no",206,"no","no","cellular",9,"feb",479,1,-1,0,"unknown",1
29,"single","tertiary","no",1445,"no","no","cellular",26,"apr",328,2,143,2,"success",1
44,"single","tertiary","no",5063,"no","no","cellular",27,"oct",418,2,-1,0,"unknown",1
37,"married","tertiary","no",3913,"yes","no","cellular",27,"apr",124,1,-1,0,"unknown",1
46,"married","secondary","no",70,"yes","no","cellular",27,"mar",229,2,-1,0,"unknown",1
48,"married","tertiary","no",1147,"no","no","cellular",5,"aug",389,1,64,2,"success",1
39,"married","secondary","no",607,"yes","no","cellular",12,"may",454,2,364,3,"failure",1
36,"married","tertiary","no",495,"no","no","cellular",5,"aug",157,3,97,2,"success",1
34,"divorced","secondary","no",-251,"no","no","cellular",18,"jul",641,1,-1,0,"unknown",1
42,"married","unknown","no",1519,"no","no","cellular",19,"oct",230,1,92,1,"success",1
42,"married","secondary","no",1289,"no","no","cellular",15,"jul",250,4,415,2,"failure",1
64,"married","secondary","no",1574,"no","no","telephone",29,"jul",301,3,-1,0,"unknown",1
59,"married","primary","no",1727,"no","no","telephone",25,"may",500,4,358,2,"failure",1
32,"married","primary","no",228,"yes","no","cellular",21,"jul",1017,6,-1,0,"unknown",1
71,"married","primary","no",4657,"no","no","cellular",16,"feb",93,5,-1,0,"unknown",1
69,"single","tertiary","no",2144,"no","no","cellular",29,"jul",417,1,184,4,"success",1
35,"single","secondary","no",0,"yes","no","cellular",16,"apr",1174,1,345,4,"other",1
49,"single","primary","no",2146,"yes","no","cellular",7,"may",1516,2,353,2,"other",1
54,"divorced","tertiary","no",2171,"yes","yes","telephone",18,"nov",1034,1,-1,0,"unknown",1
35,"single","secondary","no",0,"yes","no","cellular",13,"may",1073,1,-1,0,"unknown",1
31,"single","primary","no",26965,"no","no","cellular",21,"apr",654,2,-1,0,"unknown",1
32,"married","tertiary","no",2431,"yes","no","cellular",14,"may",646,5,-1,0,"unknown",1
37,"married","secondary","no",480,"no","no","cellular",22,"oct",344,2,182,8,"other",1
33,"single","secondary","no",-416,"yes","no","unknown",16,"may",767,2,-1,0,"unknown",1
32,"single","secondary","no",0,"no","no","cellular",18,"aug",594,4,-1,0,"unknown",1
29,"single","tertiary","no",455,"no","no","telephone",21,"apr",403,1,-1,0,"unknown",1
25,"single","secondary","no",8,"no","no","cellular",22,"apr",107,2,-1,0,"unknown",1
49,"married","secondary","no",2039,"yes","no","cellular",6,"may",451,1,169,2,"failure",1
27,"single","secondary","no",54,"yes","no","unknown",28,"may",543,2,-1,0,"unknown",1
31,"divorced","primary","no",459,"yes","no","cellular",7,"may",623,1,293,1,"success",1
45,"divorced","primary","no",844,"no","no","unknown",5,"jun",1018,3,-1,0,"unknown",1
40,"single","tertiary","no",0,"yes","no","cellular",23,"feb",228,2,182,6,"failure",1
53,"married","primary","no",104,"no","yes","unknown",5,"jun",701,1,-1,0,"unknown",1
35,"married","secondary","no",0,"yes","no","cellular",9,"nov",524,1,96,5,"success",1
47,"married","secondary","no",3676,"no","no","cellular",18,"oct",567,1,95,3,"success",1
40,"single","tertiary","no",1361,"no","no","cellular",29,"jan",1473,1,-1,0,"unknown",1
51,"married","unknown","no",2094,"no","no","cellular",8,"jun",458,6,-1,0,"unknown",1
35,"divorced","primary","no",1792,"yes","no","cellular",31,"jul",630,6,-1,0,"unknown",1
37,"divorced","tertiary","no",66,"no","no","cellular",18,"nov",1164,2,-1,0,"unknown",1
42,"divorced","secondary","no",257,"yes","no","cellular",12,"may",955,2,-1,0,"unknown",1
30,"single","tertiary","no",201,"yes","no","cellular",17,"mar",325,2,-1,0,"unknown",1
34,"single","secondary","no",215,"no","no","cellular",3,"mar",350,3,-1,0,"unknown",1
32,"single","secondary","no",678,"yes","no","cellular",4,"feb",1579,1,246,4,"failure",1
34,"single","tertiary","no",18,"yes","yes","cellular",30,"apr",359,1,-1,0,"unknown",1
28,"single","secondary","no",227,"no","no","cellular",30,"apr",278,1,-1,0,"unknown",1
35,"divorced","secondary","no",3636,"no","yes","cellular",21,"nov",808,2,-1,0,"unknown",1
47,"single","unknown","no",1784,"no","no","cellular",19,"oct",385,2,-1,0,"unknown",1
31,"married","secondary","no",92,"yes","no","unknown",16,"may",688,1,-1,0,"unknown",1
33,"married","secondary","no",386,"no","no","cellular",12,"nov",253,1,92,4,"failure",1
30,"single","tertiary","no",305,"no","no","cellular",30,"apr",633,1,85,2,"success",1
36,"married","secondary","no",4438,"yes","no","unknown",20,"may",446,1,-1,0,"unknown",1
27,"single","tertiary","no",703,"yes","no","unknown",5,"jun",590,3,-1,0,"unknown",1
33,"married","tertiary","no",1412,"yes","no","unknown",19,"aug",480,1,-1,0,"unknown",1
53,"married","secondary","no",94,"no","no","cellular",10,"aug",493,1,181,14,"success",1
48,"divorced","secondary","no",4099,"no","no","cellular",2,"apr",397,2,-1,0,"unknown",1
49,"married","secondary","no",-454,"yes","no","cellular",14,"may",558,1,-1,0,"unknown",1
46,"divorced","tertiary","no",1297,"no","no","cellular",11,"aug",716,3,-1,0,"unknown",1
60,"divorced","tertiary","no",366,"no","no","cellular",3,"jun",593,1,-1,0,"unknown",1
38,"single","secondary","no",2253,"yes","no","cellular",13,"may",937,3,-1,0,"unknown",1
46,"married","secondary","no",556,"yes","yes","unknown",15,"may",646,3,-1,0,"unknown",1
38,"single","tertiary","no",0,"no","no","cellular",11,"sep",260,3,95,3,"success",1
32,"single","secondary","no",133,"no","no","cellular",15,"apr",171,1,-1,0,"unknown",1
29,"single","secondary","no",482,"no","yes","cellular",10,"jul",1097,3,-1,0,"unknown",1
28,"single","secondary","no",168,"no","no","cellular",1,"jun",347,3,140,2,"success",1
41,"married","secondary","no",1066,"no","no","cellular",11,"feb",109,3,-1,0,"unknown",1
37,"single","secondary","no",2442,"no","no","cellular",16,"feb",91,3,-1,0,"unknown",1
26,"single","tertiary","no",170,"no","no","cellular",15,"jun",129,1,-1,0,"unknown",1
47,"married","secondary","no",1996,"no","no","unknown",5,"jun",761,2,-1,0,"unknown",1
37,"divorced","secondary","no",0,"yes","no","cellular",21,"apr",146,4,-1,0,"unknown",1
33,"married","tertiary","no",273,"yes","no","unknown",16,"may",803,1,-1,0,"unknown",1
54,"married","secondary","no",0,"no","no","cellular",28,"jan",161,1,98,2,"failure",1
34,"single","tertiary","no",925,"yes","no","cellular",13,"apr",709,1,-1,0,"unknown",1
30,"married","tertiary","no",1942,"yes","yes","cellular",21,"nov",436,2,178,3,"other",1
55,"divorced","secondary","no",538,"yes","no","cellular",7,"aug",353,2,-1,0,"unknown",1
75,"divorced","secondary","no",1341,"no","no","cellular",18,"dec",415,7,-1,0,"unknown",1
50,"married","primary","no",4108,"yes","no","cellular",7,"aug",526,2,-1,0,"unknown",1
77,"divorced","tertiary","no",4659,"no","no","cellular",14,"apr",161,1,-1,0,"unknown",1
80,"married","primary","no",0,"no","no","cellular",23,"feb",639,1,189,1,"failure",1
34,"married","tertiary","no",69,"no","yes","cellular",4,"aug",120,3,1,6,"success",1
24,"single","secondary","no",174,"yes","yes","cellular",18,"may",487,1,-1,0,"unknown",1
79,"married","primary","no",8556,"no","no","telephone",18,"jan",326,2,272,2,"success",1
25,"single","secondary","no",304,"no","no","cellular",26,"may",226,2,-1,0,"unknown",1
24,"single","secondary","no",822,"no","no","cellular",27,"oct",184,1,91,2,"failure",1
61,"married","secondary","no",1191,"no","no","cellular",21,"may",214,4,-1,0,"unknown",1
34,"single","tertiary","no",5462,"no","no","cellular",30,"apr",430,1,-1,0,"unknown",1
30,"single","secondary","no",-522,"yes","yes","cellular",5,"may",670,2,286,6,"failure",1
62,"married","tertiary","no",1859,"no","no","telephone",6,"aug",245,3,-1,0,"unknown",1
44,"divorced","secondary","no",14,"no","no","cellular",13,"nov",167,1,92,1,"success",1
53,"divorced","secondary","no",0,"no","no","cellular",12,"mar",80,2,-1,0,"unknown",1
28,"single","tertiary","no",1562,"no","no","cellular",15,"feb",659,4,-1,0,"unknown",1
36,"divorced","primary","no",-308,"yes","no","cellular",12,"may",725,1,-1,0,"unknown",1
27,"single","secondary","no",489,"yes","no","cellular",30,"jul",356,4,-1,0,"unknown",1
42,"divorced","unknown","no",7702,"no","no","cellular",16,"feb",138,2,-1,0,"unknown",1
45,"divorced","primary","no",-311,"yes","no","unknown",23,"may",1030,1,-1,0,"unknown",1
33,"married","secondary","no",95,"yes","no","cellular",30,"apr",335,1,-1,0,"unknown",1
34,"married","secondary","no",0,"yes","no","unknown",30,"oct",154,1,-1,0,"unknown",1
25,"single","secondary","no",331,"no","no","telephone",26,"aug",170,4,-1,0,"unknown",1
53,"married","primary","no",980,"yes","no","cellular",3,"dec",352,1,-1,0,"unknown",1
27,"divorced","secondary","no",451,"yes","no","cellular",16,"jul",652,1,-1,0,"unknown",1
30,"single","secondary","yes",239,"yes","no","unknown",21,"may",412,1,-1,0,"unknown",1
49,"married","primary","no",889,"no","no","telephone",7,"jul",388,1,-1,0,"unknown",1
66,"married","tertiary","no",1948,"no","no","cellular",28,"jan",216,1,91,4,"success",1
34,"divorced","secondary","no",479,"yes","no","cellular",12,"may",515,1,350,5,"failure",1
44,"married","secondary","no",205,"no","no","cellular",3,"nov",289,1,-1,0,"unknown",1
74,"divorced","secondary","no",4079,"no","no","cellular",19,"oct",343,3,-1,0,"unknown",1
45,"single","secondary","no",0,"yes","no","cellular",26,"apr",1472,1,192,4,"failure",1
43,"single","secondary","no",3403,"yes","no","cellular",12,"nov",707,2,97,2,"success",1
46,"married","secondary","no",22,"no","no","cellular",26,"aug",388,6,-1,0,"unknown",1
40,"married","tertiary","no",-17,"yes","yes","cellular",11,"may",474,1,256,1,"success",1
48,"married","secondary","no",568,"yes","no","cellular",2,"sep",378,2,386,1,"success",1
36,"married","tertiary","no",495,"no","no","cellular",12,"mar",213,3,182,6,"success",1
30,"single","secondary","no",2145,"yes","no","cellular",18,"may",727,2,-1,0,"unknown",1
55,"married","primary","no",2587,"no","no","cellular",4,"sep",328,2,94,2,"success",1
26,"single","secondary","no",668,"yes","no","unknown",28,"may",576,3,-1,0,"unknown",1
63,"married","secondary","no",474,"no","no","cellular",25,"jan",423,1,-1,0,"unknown",1
26,"single","secondary","no",622,"no","no","cellular",28,"jan",1451,2,-1,0,"unknown",1
34,"single","tertiary","no",2646,"no","no","cellular",14,"apr",142,1,-1,0,"unknown",1
36,"single","tertiary","no",197,"no","no","cellular",30,"apr",260,1,-1,0,"unknown",1
26,"single","secondary","no",255,"no","no","cellular",30,"apr",457,1,80,1,"success",1
37,"married","tertiary","no",0,"no","no","cellular",16,"jul",268,2,182,3,"success",1
25,"single","tertiary","no",808,"no","no","cellular",18,"sep",267,2,114,2,"failure",1
46,"married","secondary","no",4,"no","no","cellular",30,"apr",268,1,261,5,"other",1
48,"married","secondary","no",817,"no","no","cellular",14,"jan",517,1,282,4,"success",1
53,"married","primary","no",27,"yes","no","telephone",10,"sep",230,3,-1,0,"unknown",1
61,"married","tertiary","no",6016,"no","no","cellular",2,"feb",670,3,-1,0,"unknown",1
53,"single","secondary","no",2398,"yes","no","cellular",2,"aug",317,1,180,2,"failure",1
21,"single","secondary","no",2488,"no","no","cellular",30,"jun",258,6,169,3,"success",1
54,"married","unknown","no",895,"no","no","cellular",7,"oct",335,1,-1,0,"unknown",1
37,"married","tertiary","no",238,"no","no","cellular",3,"feb",185,1,92,1,"success",1
32,"married","secondary","no",889,"yes","no","cellular",10,"sep",185,1,99,5,"success",1
55,"married","tertiary","no",-375,"no","no","cellular",30,"jul",814,2,-1,0,"unknown",1
41,"married","secondary","yes",720,"no","yes","cellular",24,"jul",651,1,-1,0,"unknown",1
35,"married","secondary","no",724,"yes","no","cellular",14,"jul",287,2,415,1,"failure",1
46,"married","secondary","no",368,"no","no","cellular",20,"aug",293,1,90,4,"other",1
47,"married","tertiary","no",0,"no","no","cellular",27,"oct",508,1,-1,0,"unknown",1
53,"divorced","secondary","no",765,"yes","no","cellular",14,"may",959,3,174,7,"other",1
37,"married","tertiary","no",4089,"yes","no","cellular",2,"feb",289,2,174,4,"other",1
36,"married","tertiary","no",925,"no","no","cellular",14,"dec",321,3,189,4,"success",1
56,"divorced","primary","yes",1238,"no","no","unknown",5,"jun",1558,1,-1,0,"unknown",1
30,"married","secondary","no",-393,"yes","yes","cellular",16,"jul",435,1,-1,0,"unknown",1
48,"married","tertiary","no",1808,"yes","no","cellular",26,"feb",245,1,-1,0,"unknown",1
73,"married","unknown","no",519,"no","no","telephone",16,"oct",434,1,57,1,"failure",1
64,"married","tertiary","no",846,"no","no","cellular",11,"feb",671,1,181,3,"failure",1
63,"divorced","secondary","no",1490,"no","no","cellular",8,"jun",506,1,-1,0,"unknown",1
34,"single","secondary","no",16,"no","no","cellular",13,"aug",990,1,-1,0,"unknown",1
38,"single","tertiary","no",25,"yes","no","cellular",1,"jun",232,2,-1,0,"unknown",1
32,"single","tertiary","no",311,"no","no","unknown",12,"may",757,2,-1,0,"unknown",1
39,"married","tertiary","no",2763,"yes","no","unknown",2,"jun",526,2,-1,0,"unknown",1
33,"married","secondary","no",3935,"yes","no","cellular",6,"may",765,1,342,2,"failure",1
43,"married","secondary","no",132,"no","no","cellular",19,"aug",574,1,84,3,"success",1
52,"married","secondary","no",335,"no","no","cellular",21,"oct",411,1,182,1,"failure",1
49,"married","tertiary","no",3726,"no","no","cellular",5,"aug",875,2,-1,0,"unknown",1
49,"married","tertiary","no",1235,"no","no","cellular",13,"aug",354,3,-1,0,"unknown",1
59,"married","tertiary","no",9676,"no","no","telephone",27,"mar",234,2,-1,0,"unknown",1
41,"single","tertiary","no",1646,"yes","no","cellular",4,"feb",261,1,184,6,"success",1
52,"married","secondary","no",657,"no","no","telephone",7,"jul",398,2,460,2,"failure",1
47,"divorced","primary","no",126,"yes","no","unknown",3,"jun",2456,2,-1,0,"unknown",1
27,"married","tertiary","no",802,"no","no","cellular",22,"sep",569,1,-1,0,"unknown",1
33,"married","secondary","no",478,"no","no","cellular",30,"apr",475,2,-1,0,"unknown",1
30,"married","tertiary","no",569,"no","no","cellular",27,"aug",976,12,-1,0,"unknown",1
36,"single","tertiary","no",2944,"no","no","cellular",18,"aug",882,8,-1,0,"unknown",1
44,"single","secondary","no",7138,"no","no","cellular",8,"aug",809,2,-1,0,"unknown",1
31,"single","secondary","no",747,"yes","no","unknown",26,"may",543,2,-1,0,"unknown",1
28,"single","secondary","no",171,"no","no","cellular",10,"mar",93,1,-1,0,"unknown",1
34,"divorced","tertiary","no",674,"yes","no","cellular",7,"aug",587,2,-1,0,"unknown",1
40,"married","secondary","no",-839,"yes","yes","cellular",16,"jul",1018,2,-1,0,"unknown",1
28,"single","tertiary","no",0,"no","no","cellular",28,"sep",294,2,105,7,"other",1
44,"married","primary","no",4758,"yes","no","cellular",22,"jul",712,6,-1,0,"unknown",1
58,"married","primary","no",1013,"yes","no","cellular",11,"aug",206,1,461,1,"failure",1
55,"divorced","secondary","no",1613,"yes","no","cellular",3,"apr",296,1,270,3,"failure",1
50,"married","primary","no",341,"yes","yes","cellular",20,"apr",670,4,340,2,"success",1
60,"married","primary","no",65,"yes","no","unknown",9,"may",1028,2,-1,0,"unknown",1
46,"married","secondary","no",57,"no","no","unknown",28,"may",796,1,-1,0,"unknown",1
38,"single","tertiary","no",104,"yes","no","cellular",6,"may",606,3,-1,0,"unknown",1
45,"married","tertiary","no",242,"no","no","cellular",30,"apr",587,1,-1,0,"unknown",1
41,"divorced","secondary","no",6046,"yes","yes","telephone",15,"mar",300,6,182,2,"success",1
29,"single","secondary","no",1070,"yes","no","unknown",19,"may",30,1,357,1,"other",1
30,"single","tertiary","no",-477,"no","yes","cellular",21,"aug",1532,2,-1,0,"unknown",1
27,"married","secondary","no",0,"yes","no","cellular",22,"jul",1608,13,-1,0,"unknown",1
61,"married","secondary","no",2917,"no","no","cellular",6,"oct",215,1,-1,0,"unknown",1
32,"single","tertiary","no",1625,"no","no","cellular",22,"may",796,1,109,1,"failure",1
32,"married","secondary","no",759,"yes","no","cellular",9,"apr",317,5,-1,0,"unknown",1
29,"single","secondary","no",-20,"no","yes","cellular",21,"jul",574,1,-1,0,"unknown",1
62,"divorced","tertiary","no",6,"yes","no","cellular",13,"oct",216,1,183,4,"success",1
53,"married","primary","no",306,"no","no","cellular",28,"jul",388,3,181,1,"success",1
32,"married","primary","no",415,"yes","no","unknown",2,"jun",777,4,-1,0,"unknown",1
34,"married","tertiary","no",197,"no","no","cellular",20,"aug",78,3,-1,0,"unknown",1
55,"married","secondary","no",602,"no","no","cellular",1,"jun",324,3,90,2,"success",1
57,"married","tertiary","no",0,"yes","yes","unknown",28,"may",648,1,-1,0,"unknown",1
36,"married","secondary","no",480,"no","no","cellular",20,"oct",213,1,-1,0,"unknown",1
25,"single","tertiary","no",2506,"no","no","cellular",17,"feb",485,1,-1,0,"unknown",1
37,"married","tertiary","no",393,"yes","no","cellular",14,"may",567,3,275,4,"failure",1
32,"single","secondary","no",811,"yes","no","cellular",14,"may",563,1,-1,0,"unknown",1
49,"divorced","tertiary","no",755,"no","no","cellular",31,"jul",1212,4,-1,0,"unknown",1
32,"single","secondary","no",118,"yes","no","cellular",17,"jul",1275,1,-1,0,"unknown",1
31,"single","tertiary","no",12569,"no","no","cellular",9,"sep",344,1,295,1,"failure",1
59,"married","secondary","no",0,"no","no","unknown",5,"jun",812,1,-1,0,"unknown",1
39,"divorced","tertiary","yes",3,"no","no","cellular",6,"may",488,1,-1,0,"unknown",1
43,"single","tertiary","no",1696,"yes","no","cellular",26,"aug",257,1,474,3,"failure",1
34,"single","tertiary","no",462,"no","no","cellular",21,"aug",1877,3,-1,0,"unknown",1
55,"divorced","tertiary","no",9756,"yes","no","cellular",5,"jun",103,2,95,1,"other",1
36,"married","tertiary","no",9,"no","no","cellular",11,"aug",386,4,-1,0,"unknown",1
32,"single","tertiary","no",2536,"yes","no","cellular",26,"aug",958,6,-1,0,"unknown",1
46,"married","unknown","no",9328,"yes","no","cellular",5,"may",725,3,-1,0,"unknown",1
51,"married","secondary","no",95,"yes","no","cellular",23,"jul",1309,4,-1,0,"unknown",1
29,"single","tertiary","no",19,"no","no","cellular",5,"feb",110,2,64,2,"success",1
42,"married","secondary","no",994,"yes","no","cellular",11,"aug",149,1,78,5,"failure",1
19,"single","primary","no",103,"no","no","cellular",10,"jul",104,2,-1,0,"unknown",1
35,"single","tertiary","no",470,"yes","no","cellular",25,"jul",743,13,-1,0,"unknown",1
45,"divorced","secondary","no",59,"yes","no","cellular",24,"jul",873,8,-1,0,"unknown",1
45,"single","secondary","no",410,"yes","no","unknown",30,"may",891,4,-1,0,"unknown",1
28,"single","secondary","no",1633,"no","no","cellular",5,"jun",275,1,-1,0,"unknown",1
43,"married","secondary","no",136,"no","no","cellular",25,"aug",363,7,-1,0,"unknown",1
29,"single","secondary","no",908,"yes","no","unknown",20,"jun",1663,1,-1,0,"unknown",1
26,"single","secondary","no",1347,"no","no","telephone",18,"jun",280,6,92,5,"other",1
32,"married","secondary","no",38,"yes","no","cellular",15,"may",744,1,-1,0,"unknown",1
47,"married","secondary","no",1230,"yes","no","cellular",30,"apr",412,1,169,1,"success",1
49,"married","tertiary","no",523,"yes","no","cellular",3,"mar",152,2,-1,0,"unknown",1
30,"married","tertiary","no",1221,"yes","no","telephone",25,"jul",279,4,-1,0,"unknown",1
27,"married","secondary","no",710,"yes","yes","cellular",6,"may",653,1,334,2,"success",1
32,"single","tertiary","no",0,"no","no","cellular",5,"feb",550,4,-1,0,"unknown",1
43,"married","secondary","no",104,"yes","no","cellular",18,"jul",635,3,-1,0,"unknown",1
33,"single","tertiary","no",3143,"no","no","cellular",29,"jun",421,2,-1,0,"unknown",1
36,"married","secondary","no",1049,"yes","no","cellular",14,"may",224,4,-1,0,"unknown",1
73,"married","primary","no",279,"no","no","cellular",28,"jan",399,3,-1,0,"unknown",1
58,"divorced","secondary","no",462,"no","no","cellular",13,"nov",495,1,93,1,"success",1
39,"married","tertiary","no",1047,"no","no","unknown",6,"jun",554,1,-1,0,"unknown",1
23,"single","tertiary","no",1129,"yes","no","unknown",28,"may",806,1,-1,0,"unknown",1
49,"married","secondary","no",1623,"yes","no","cellular",19,"nov",1081,2,-1,0,"unknown",1
28,"single","secondary","no",517,"no","yes","cellular",8,"jul",681,1,-1,0,"unknown",1
59,"married","secondary","no",1,"no","no","cellular",15,"apr",159,2,378,3,"failure",1
71,"married","secondary","no",2850,"no","no","cellular",17,"feb",185,1,-1,0,"unknown",1
28,"single","tertiary","no",0,"yes","no","cellular",16,"jul",767,5,-1,0,"unknown",1
59,"married","tertiary","no",2013,"no","no","cellular",19,"feb",222,4,94,2,"success",1
53,"married","secondary","no",665,"yes","no","cellular",22,"apr",371,2,-1,0,"unknown",1
22,"single","secondary","no",2488,"no","no","cellular",8,"nov",449,2,38,10,"other",1
56,"divorced","primary","no",694,"no","no","cellular",29,"jan",144,1,102,1,"other",1
40,"married","secondary","no",1836,"yes","no","cellular",12,"may",750,2,-1,0,"unknown",1
50,"divorced","tertiary","no",13,"yes","no","cellular",20,"apr",76,1,-1,0,"unknown",1
31,"single","tertiary","no",3283,"no","no","cellular",2,"feb",258,1,73,1,"failure",1
33,"married","secondary","no",139,"yes","yes","cellular",18,"may",732,2,291,5,"failure",1
34,"married","tertiary","no",1539,"yes","no","cellular",15,"jun",441,1,56,1,"other",1
