PassengerId,Survived,Pclass,Name,Sex,Age,SibSp,Parch,Ticket,Fare,Cabin,Embarked,AgeGroup,Family,Mother,Fare2
1,0,3,Mr,male,22,1,0,A/5 21171,7.25,NA,S,Age_20,2,0,7.25
2,1,1,Mrs,female,38,1,0,PC 17599,71.2833,C85,C,Age_30,2,0,71.2833
3,1,3,Miss,female,26,0,0,STON/O2. 3101282,7.925,NA,S,Age_20,1,0,7.925
4,1,1,Mrs,female,35,1,0,113803,53.1,C123,S,Age_30,2,0,53.1
5,0,3,Mr,male,35,0,0,373450,8.05,NA,S,Age_30,1,0,8.05
6,0,3,Mr,male,32.37,0,0,330877,8.4583,NA,Q,Age_30,1,0,8.4583
7,0,1,Mr,male,54,0,0,17463,51.8625,E46,S,Age_50,1,0,51.8625
8,0,3,Master,male,2,3,1,349909,21.075,NA,S,Age_00,5,0,21.075
9,1,3,Mrs,female,27,0,2,347742,11.1333,NA,S,Age_20,3,1,11.1333
10,1,2,Mrs,female,14,1,0,237736,30.0708,NA,C,Age_10,2,0,30.0708
11,1,3,Miss,female,4,1,1,PP 9549,16.7,G6,S,Age_00,3,0,16.7
12,1,1,Miss,female,58,0,0,113783,26.55,C103,S,Age_50,1,0,26.55
13,0,3,Mr,male,20,0,0,A/5. 2151,8.05,NA,S,Age_20,1,0,8.05
14,0,3,Mr,male,39,1,5,347082,31.275,NA,S,Age_30,7,0,31.275
15,0,3,Miss,female,14,0,0,350406,7.8542,NA,S,Age_10,1,0,7.8542
16,1,2,Mrs,female,55,0,0,248706,16,NA,S,Age_50,1,0,16
17,0,3,Master,male,2,4,1,382652,29.125,NA,Q,Age_00,6,0,29.125
18,1,2,Mr,male,32.37,0,0,244373,13,NA,S,Age_30,1,0,13
19,0,3,Mrs,female,31,1,0,345763,18,NA,S,Age_30,2,0,18
20,1,3,Mrs,female,35.9,0,0,2649,7.225,NA,C,Age_30,1,0,7.225
21,0,2,Mr,male,35,0,0,239865,26,NA,S,Age_30,1,0,26
22,1,2,Mr,male,34,0,0,248698,13,D56,S,Age_30,1,0,13
23,1,3,Miss,female,15,0,0,330923,8.0292,NA,Q,Age_10,1,0,8.0292
24,1,1,Mr,male,28,0,0,113788,35.5,A6,S,Age_20,1,0,35.5
25,0,3,Miss,female,8,3,1,349909,21.075,NA,S,Age_00,5,0,21.075
26,1,3,Mrs,female,38,1,5,347077,31.3875,NA,S,Age_30,7,1,31.3875
27,0,3,Mr,male,32.37,0,0,2631,7.225,NA,C,Age_30,1,0,7.225
28,0,1,Mr,male,19,3,2,19950,263,C23 C25 C27,S,Age_10,6,0,164.8667
29,1,3,Miss,female,21.77,0,0,330959,7.8792,NA,Q,Age_20,1,0,7.8792
30,0,3,Mr,male,32.37,0,0,349216,7.8958,NA,S,Age_30,1,0,7.8958
31,0,1,"Uruchurtu, Don. Manuel E",male,40,0,0,PC 17601,27.7208,NA,C,Age_40,1,0,27.7208
32,1,1,Mrs,female,35.9,1,0,PC 17569,146.5208,B78,C,Age_30,2,0,146.5208
33,1,3,Miss,female,21.77,0,0,335677,7.75,NA,Q,Age_20,1,0,7.75
34,0,2,Mr,male,66,0,0,C.A. 24579,10.5,NA,S,Age_60,1,0,10.5
35,0,1,Mr,male,28,1,0,PC 17604,82.1708,NA,C,Age_20,2,0,82.1708
36,0,1,Mr,male,42,1,0,113789,52,NA,S,Age_40,2,0,52
37,1,3,Mr,male,32.37,0,0,2677,7.2292,NA,C,Age_30,1,0,7.2292
38,0,3,Mr,male,21,0,0,A./5. 2152,8.05,NA,S,Age_20,1,0,8.05
39,0,3,Miss,female,18,2,0,345764,18,NA,S,Age_10,3,0,18
40,1,3,Miss,female,14,1,0,2651,11.2417,NA,C,Age_10,2,0,11.2417
41,0,3,Mrs,female,40,1,0,7546,9.475,NA,S,Age_40,2,0,9.475
42,0,2,Mrs,female,27,1,0,11668,21,NA,S,Age_20,2,0,21
43,0,3,Mr,male,32.37,0,0,349253,7.8958,NA,C,Age_30,1,0,7.8958
44,1,2,Miss,female,3,1,2,SC/Paris 2123,41.5792,NA,C,Age_00,4,0,41.5792
45,1,3,Miss,female,19,0,0,330958,7.8792,NA,Q,Age_10,1,0,7.8792
46,0,3,Mr,male,32.37,0,0,S.C./A.4. 23567,8.05,NA,S,Age_30,1,0,8.05
47,0,3,Mr,male,32.37,1,0,370371,15.5,NA,Q,Age_30,2,0,15.5
48,1,3,Miss,female,21.77,0,0,14311,7.75,NA,Q,Age_20,1,0,7.75
49,0,3,Mr,male,32.37,2,0,2662,21.6792,NA,C,Age_30,3,0,21.6792
50,0,3,Mrs,female,18,1,0,349237,17.8,NA,S,Age_10,2,0,17.8
51,0,3,Master,male,7,4,1,3101295,39.6875,NA,S,Age_00,6,0,39.6875
52,0,3,Mr,male,21,0,0,A/4. 39886,7.8,NA,S,Age_20,1,0,7.8
53,1,1,Mrs,female,49,1,0,PC 17572,76.7292,D33,C,Age_40,2,0,76.7292
54,1,2,Mrs,female,29,1,0,2926,26,NA,S,Age_20,2,0,26
55,0,1,Mr,male,65,0,1,113509,61.9792,B30,C,Age_60,2,0,61.9792
56,1,1,Mr,male,32.37,0,0,19947,35.5,C52,S,Age_30,1,0,35.5
57,1,2,Miss,female,21,0,0,C.A. 31026,10.5,NA,S,Age_20,1,0,10.5
58,0,3,Mr,male,28.5,0,0,2697,7.2292,NA,C,Age_20,1,0,7.2292
59,1,2,Miss,female,5,1,2,C.A. 34651,27.75,NA,S,Age_00,4,0,27.75
60,0,3,Master,male,11,5,2,CA 2144,46.9,NA,S,Age_10,8,0,46.9
61,0,3,Mr,male,22,0,0,2669,7.2292,NA,C,Age_20,1,0,7.2292
62,1,1,Miss,female,38,0,0,113572,80,B28,S,Age_30,1,0,80
63,0,1,Mr,male,45,1,0,36973,83.475,C83,S,Age_40,2,0,83.475
64,0,3,Master,male,4,3,2,347088,27.9,NA,S,Age_00,6,0,27.9
65,0,1,Mr,male,32.37,0,0,PC 17605,27.7208,NA,C,Age_30,1,0,27.7208
66,1,3,Master,male,4.57,1,1,2661,15.2458,NA,C,Age_00,3,0,15.2458
67,1,2,Mrs,female,29,0,0,C.A. 29395,10.5,F33,S,Age_20,1,0,10.5
68,0,3,Mr,male,19,0,0,S.P. 3464,8.1583,NA,S,Age_10,1,0,8.1583
69,1,3,Miss,female,17,4,2,3101281,7.925,NA,S,Age_10,7,0,7.925
70,0,3,Mr,male,26,2,0,315151,8.6625,NA,S,Age_20,3,0,8.6625
71,0,2,Mr,male,32,0,0,C.A. 33111,10.5,NA,S,Age_30,1,0,10.5
72,0,3,Miss,female,16,5,2,CA 2144,46.9,NA,S,Age_10,8,0,46.9
73,0,2,Mr,male,21,0,0,S.O.C. 14879,73.5,NA,S,Age_20,1,0,73.5
74,0,3,Mr,male,26,1,0,2680,14.4542,NA,C,Age_20,2,0,14.4542
75,1,3,Mr,male,32,0,0,1601,56.4958,NA,S,Age_30,1,0,56.4958
76,0,3,Mr,male,25,0,0,348123,7.65,F G73,S,Age_20,1,0,7.65
77,0,3,Mr,male,32.37,0,0,349208,7.8958,NA,S,Age_30,1,0,7.8958
78,0,3,Mr,male,32.37,0,0,374746,8.05,NA,S,Age_30,1,0,8.05
79,1,2,Master,male,0.83,0,2,248738,29,NA,S,Age_00,3,0,29
80,1,3,Miss,female,30,0,0,364516,12.475,NA,S,Age_30,1,0,12.475
81,0,3,Mr,male,22,0,0,345767,9,NA,S,Age_20,1,0,9
82,1,3,Mr,male,29,0,0,345779,9.5,NA,S,Age_20,1,0,9.5
83,1,3,Miss,female,21.77,0,0,330932,7.7875,NA,Q,Age_20,1,0,7.7875
84,0,1,Mr,male,28,0,0,113059,47.1,NA,S,Age_20,1,0,47.1
85,1,2,Miss,female,17,0,0,SO/C 14885,10.5,NA,S,Age_10,1,0,10.5
86,1,3,Mrs,female,33,3,0,3101278,15.85,NA,S,Age_30,4,0,15.85
87,0,3,Mr,male,16,1,3,W./C. 6608,34.375,NA,S,Age_10,5,0,34.375
88,0,3,Mr,male,32.37,0,0,SOTON/OQ 392086,8.05,NA,S,Age_30,1,0,8.05
89,1,1,Miss,female,23,3,2,19950,263,C23 C25 C27,S,Age_20,6,0,164.8667
90,0,3,Mr,male,24,0,0,343275,8.05,NA,S,Age_20,1,0,8.05
91,0,3,Mr,male,29,0,0,343276,8.05,NA,S,Age_20,1,0,8.05
92,0,3,Mr,male,20,0,0,347466,7.8542,NA,S,Age_20,1,0,7.8542
93,0,1,Mr,male,46,1,0,W.E.P. 5734,61.175,E31,S,Age_40,2,0,61.175
94,0,3,Mr,male,26,1,2,C.A. 2315,20.575,NA,S,Age_20,4,0,20.575
95,0,3,Mr,male,59,0,0,364500,7.25,NA,S,Age_50,1,0,7.25
96,0,3,Mr,male,32.37,0,0,374910,8.05,NA,S,Age_30,1,0,8.05
97,0,1,Mr,male,71,0,0,PC 17754,34.6542,A5,C,Age_70,1,0,34.6542
98,1,1,Mr,male,23,0,1,PC 17759,63.3583,D10 D12,C,Age_20,2,0,63.3583
99,1,2,Mrs,female,34,0,1,231919,23,NA,S,Age_30,2,1,23
100,0,2,Mr,male,34,1,0,244367,26,NA,S,Age_30,2,0,26
101,0,3,Miss,female,28,0,0,349245,7.8958,NA,S,Age_20,1,0,7.8958
102,0,3,Mr,male,32.37,0,0,349215,7.8958,NA,S,Age_30,1,0,7.8958
103,0,1,Mr,male,21,0,1,35281,77.2875,D26,S,Age_20,2,0,77.2875
104,0,3,Mr,male,33,0,0,7540,8.6542,NA,S,Age_30,1,0,8.6542
105,0,3,Mr,male,37,2,0,3101276,7.925,NA,S,Age_30,3,0,7.925
106,0,3,Mr,male,28,0,0,349207,7.8958,NA,S,Age_20,1,0,7.8958
107,1,3,Miss,female,21,0,0,343120,7.65,NA,S,Age_20,1,0,7.65
108,1,3,Mr,male,32.37,0,0,312991,7.775,NA,S,Age_30,1,0,7.775
109,0,3,Mr,male,38,0,0,349249,7.8958,NA,S,Age_30,1,0,7.8958
110,1,3,Miss,female,21.77,1,0,371110,24.15,NA,Q,Age_20,2,0,24.15
111,0,1,Mr,male,47,0,0,110465,52,C110,S,Age_40,1,0,52
112,0,3,Miss,female,14.5,1,0,2665,14.4542,NA,C,Age_10,2,0,14.4542
113,0,3,Mr,male,22,0,0,324669,8.05,NA,S,Age_20,1,0,8.05
114,0,3,Miss,female,20,1,0,4136,9.825,NA,S,Age_20,2,0,9.825
115,0,3,Miss,female,17,0,0,2627,14.4583,NA,C,Age_10,1,0,14.4583
116,0,3,Mr,male,21,0,0,STON/O 2. 3101294,7.925,NA,S,Age_20,1,0,7.925
117,0,3,Mr,male,70.5,0,0,370369,7.75,NA,Q,Age_70,1,0,7.75
118,0,2,Mr,male,29,1,0,11668,21,NA,S,Age_20,2,0,21
119,0,1,Mr,male,24,0,1,PC 17558,247.5208,B58 B60,C,Age_20,2,0,164.8667
120,0,3,Miss,female,2,4,2,347082,31.275,NA,S,Age_00,7,0,31.275
121,0,2,Mr,male,21,2,0,S.O.C. 14879,73.5,NA,S,Age_20,3,0,73.5
122,0,3,Mr,male,32.37,0,0,A4. 54510,8.05,NA,S,Age_30,1,0,8.05
123,0,2,Mr,male,32.5,1,0,237736,30.0708,NA,C,Age_30,2,0,30.0708
124,1,2,Miss,female,32.5,0,0,27267,13,E101,S,Age_30,1,0,13
125,0,1,Mr,male,54,0,1,35281,77.2875,D26,S,Age_50,2,0,77.2875
126,1,3,Master,male,12,1,0,2651,11.2417,NA,C,Age_10,2,0,11.2417
127,0,3,Mr,male,32.37,0,0,370372,7.75,NA,Q,Age_30,1,0,7.75
128,1,3,Mr,male,24,0,0,C 17369,7.1417,NA,S,Age_20,1,0,7.1417
129,1,3,Miss,female,21.77,1,1,2668,22.3583,F E69,C,Age_20,3,0,22.3583
130,0,3,Mr,male,45,0,0,347061,6.975,NA,S,Age_40,1,0,6.975
131,0,3,Mr,male,33,0,0,349241,7.8958,NA,C,Age_30,1,0,7.8958
132,0,3,Mr,male,20,0,0,SOTON/O.Q. 3101307,7.05,NA,S,Age_20,1,0,7.05
133,0,3,Mrs,female,47,1,0,A/5. 3337,14.5,NA,S,Age_40,2,0,14.5
134,1,2,Mrs,female,29,1,0,228414,26,NA,S,Age_20,2,0,26
135,0,2,Mr,male,25,0,0,C.A. 29178,13,NA,S,Age_20,1,0,13
136,0,2,Mr,male,23,0,0,SC/PARIS 2133,15.0458,NA,C,Age_20,1,0,15.0458
137,1,1,Miss,female,19,0,2,11752,26.2833,D47,S,Age_10,3,0,26.2833
138,0,1,Mr,male,37,1,0,113803,53.1,C123,S,Age_30,2,0,53.1
139,0,3,Mr,male,16,0,0,7534,9.2167,NA,S,Age_10,1,0,9.2167
140,0,1,Mr,male,24,0,0,PC 17593,79.2,B86,C,Age_20,1,0,79.2
141,0,3,Mrs,female,35.9,0,2,2678,15.2458,NA,C,Age_30,3,1,15.2458
142,1,3,Miss,female,22,0,0,347081,7.75,NA,S,Age_20,1,0,7.75
143,1,3,Mrs,female,24,1,0,STON/O2. 3101279,15.85,NA,S,Age_20,2,0,15.85
144,0,3,Mr,male,19,0,0,365222,6.75,NA,Q,Age_10,1,0,6.75
145,0,2,Mr,male,18,0,0,231945,11.5,NA,S,Age_10,1,0,11.5
146,0,2,Mr,male,19,1,1,C.A. 33112,36.75,NA,S,Age_10,3,0,36.75
147,1,3,Mr,male,27,0,0,350043,7.7958,NA,S,Age_20,1,0,7.7958
148,0,3,Miss,female,9,2,2,W./C. 6608,34.375,NA,S,Age_00,5,0,34.375
149,0,2,Mr,male,36.5,0,2,230080,26,F2,S,Age_30,3,0,26
150,0,2,"Byles, Rev. Thomas Roussel Davids",male,42,0,0,244310,13,NA,S,Age_40,1,0,13
151,0,2,"Bateman, Rev. Robert James",male,51,0,0,S.O.P. 1166,12.525,NA,S,Age_50,1,0,12.525
152,1,1,Mrs,female,22,1,0,113776,66.6,C2,S,Age_20,2,0,66.6
153,0,3,Mr,male,55.5,0,0,A.5. 11206,8.05,NA,S,Age_50,1,0,8.05
154,0,3,Mr,male,40.5,0,2,A/5. 851,14.5,NA,S,Age_40,3,0,14.5
155,0,3,Mr,male,32.37,0,0,Fa 265302,7.3125,NA,S,Age_30,1,0,7.3125
156,0,1,Mr,male,51,0,1,PC 17597,61.3792,NA,C,Age_50,2,0,61.3792
157,1,3,Miss,female,16,0,0,35851,7.7333,NA,Q,Age_10,1,0,7.7333
158,0,3,Mr,male,30,0,0,SOTON/OQ 392090,8.05,NA,S,Age_30,1,0,8.05
159,0,3,Mr,male,32.37,0,0,315037,8.6625,NA,S,Age_30,1,0,8.6625
160,0,3,Master,male,4.57,8,2,CA. 2343,69.55,NA,S,Age_00,11,0,69.55
161,0,3,Mr,male,44,0,1,371362,16.1,NA,S,Age_40,2,0,16.1
162,1,2,Mrs,female,40,0,0,C.A. 33595,15.75,NA,S,Age_40,1,0,15.75
163,0,3,Mr,male,26,0,0,347068,7.775,NA,S,Age_20,1,0,7.775
164,0,3,Mr,male,17,0,0,315093,8.6625,NA,S,Age_10,1,0,8.6625
165,0,3,Master,male,1,4,1,3101295,39.6875,NA,S,Age_00,6,0,39.6875
166,1,3,Master,male,9,0,2,363291,20.525,NA,S,Age_00,3,0,20.525
167,1,1,Mrs,female,35.9,0,1,113505,55,E33,S,Age_30,2,1,55
168,0,3,Mrs,female,45,1,4,347088,27.9,NA,S,Age_40,6,1,27.9
169,0,1,Mr,male,32.37,0,0,PC 17318,25.925,NA,S,Age_30,1,0,25.925
170,0,3,Mr,male,28,0,0,1601,56.4958,NA,S,Age_20,1,0,56.4958
171,0,1,Mr,male,61,0,0,111240,33.5,B19,S,Age_60,1,0,33.5
172,0,3,Master,male,4,4,1,382652,29.125,NA,Q,Age_00,6,0,29.125
173,1,3,Miss,female,1,1,1,347742,11.1333,NA,S,Age_00,3,0,11.1333
174,0,3,Mr,male,21,0,0,STON/O 2. 3101280,7.925,NA,S,Age_20,1,0,7.925
175,0,1,Mr,male,56,0,0,17764,30.6958,A7,C,Age_50,1,0,30.6958
176,0,3,Mr,male,18,1,1,350404,7.8542,NA,S,Age_10,3,0,7.8542
177,0,3,Master,male,4.57,3,1,4133,25.4667,NA,S,Age_00,5,0,25.4667
178,0,1,Miss,female,50,0,0,PC 17595,28.7125,C49,C,Age_50,1,0,28.7125
179,0,2,Mr,male,30,0,0,250653,13,NA,S,Age_30,1,0,13
180,0,3,Mr,male,36,0,0,LINE,0,NA,S,Age_30,1,0,0
181,0,3,Miss,female,21.77,8,2,CA. 2343,69.55,NA,S,Age_20,11,0,69.55
182,0,2,Mr,male,32.37,0,0,SC/PARIS 2131,15.05,NA,C,Age_30,1,0,15.05
183,0,3,Master,male,9,4,2,347077,31.3875,NA,S,Age_00,7,0,31.3875
184,1,2,Master,male,1,2,1,230136,39,F4,S,Age_00,4,0,39
185,1,3,Miss,female,4,0,2,315153,22.025,NA,S,Age_00,3,0,22.025
186,0,1,Mr,male,32.37,0,0,113767,50,A32,S,Age_30,1,0,50
187,1,3,Mrs,female,35.9,1,0,370365,15.5,NA,Q,Age_30,2,0,15.5
188,1,1,Mr,male,45,0,0,111428,26.55,NA,S,Age_40,1,0,26.55
189,0,3,Mr,male,40,1,1,364849,15.5,NA,Q,Age_40,3,0,15.5
190,0,3,Mr,male,36,0,0,349247,7.8958,NA,S,Age_30,1,0,7.8958
191,1,2,Mrs,female,32,0,0,234604,13,NA,S,Age_30,1,0,13
192,0,2,Mr,male,19,0,0,28424,13,NA,S,Age_10,1,0,13
193,1,3,Miss,female,19,1,0,350046,7.8542,NA,S,Age_10,2,0,7.8542
194,1,2,Master,male,3,1,1,230080,26,F2,S,Age_00,3,0,26
195,1,1,Mrs,female,44,0,0,PC 17610,27.7208,B4,C,Age_40,1,0,27.7208
196,1,1,Miss,female,58,0,0,PC 17569,146.5208,B80,C,Age_50,1,0,146.5208
197,0,3,Mr,male,32.37,0,0,368703,7.75,NA,Q,Age_30,1,0,7.75
198,0,3,Mr,male,42,0,1,4579,8.4042,NA,S,Age_40,2,0,8.4042
199,1,3,Miss,female,21.77,0,0,370370,7.75,NA,Q,Age_20,1,0,7.75
200,0,2,Miss,female,24,0,0,248747,13,NA,S,Age_20,1,0,13
201,0,3,Mr,male,28,0,0,345770,9.5,NA,S,Age_20,1,0,9.5
202,0,3,Mr,male,32.37,8,2,CA. 2343,69.55,NA,S,Age_30,11,0,69.55
203,0,3,Mr,male,34,0,0,3101264,6.4958,NA,S,Age_30,1,0,6.4958
204,0,3,Mr,male,45.5,0,0,2628,7.225,NA,C,Age_40,1,0,7.225
205,1,3,Mr,male,18,0,0,A/5 3540,8.05,NA,S,Age_10,1,0,8.05
206,0,3,Miss,female,2,0,1,347054,10.4625,G6,S,Age_00,2,0,10.4625
207,0,3,Mr,male,32,1,0,3101278,15.85,NA,S,Age_30,2,0,15.85
208,1,3,Mr,male,26,0,0,2699,18.7875,NA,C,Age_20,1,0,18.7875
209,1,3,Miss,female,16,0,0,367231,7.75,NA,Q,Age_10,1,0,7.75
210,1,1,Mr,male,40,0,0,112277,31,A31,C,Age_40,1,0,31
211,0,3,Mr,male,24,0,0,SOTON/O.Q. 3101311,7.05,NA,S,Age_20,1,0,7.05
212,1,2,Miss,female,35,0,0,F.C.C. 13528,21,NA,S,Age_30,1,0,21
213,0,3,Mr,male,22,0,0,A/5 21174,7.25,NA,S,Age_20,1,0,7.25
214,0,2,Mr,male,30,0,0,250646,13,NA,S,Age_30,1,0,13
215,0,3,Mr,male,32.37,1,0,367229,7.75,NA,Q,Age_30,2,0,7.75
216,1,1,Miss,female,31,1,0,35273,113.275,D36,C,Age_30,2,0,113.275
217,1,3,Miss,female,27,0,0,STON/O2. 3101283,7.925,NA,S,Age_20,1,0,7.925
218,0,2,Mr,male,42,1,0,243847,27,NA,S,Age_40,2,0,27
219,1,1,Miss,female,32,0,0,11813,76.2917,D15,C,Age_30,1,0,76.2917
220,0,2,Mr,male,30,0,0,W/C 14208,10.5,NA,S,Age_30,1,0,10.5
221,1,3,Mr,male,16,0,0,SOTON/OQ 392089,8.05,NA,S,Age_10,1,0,8.05
222,0,2,Mr,male,27,0,0,220367,13,NA,S,Age_20,1,0,13
223,0,3,Mr,male,51,0,0,21440,8.05,NA,S,Age_50,1,0,8.05
224,0,3,Mr,male,32.37,0,0,349234,7.8958,NA,S,Age_30,1,0,7.8958
225,1,1,Mr,male,38,1,0,19943,90,C93,S,Age_30,2,0,90
226,0,3,Mr,male,22,0,0,PP 4348,9.35,NA,S,Age_20,1,0,9.35
227,1,2,Mr,male,19,0,0,SW/PP 751,10.5,NA,S,Age_10,1,0,10.5
228,0,3,Mr,male,20.5,0,0,A/5 21173,7.25,NA,S,Age_20,1,0,7.25
229,0,2,Mr,male,18,0,0,236171,13,NA,S,Age_10,1,0,13
230,0,3,Miss,female,21.77,3,1,4133,25.4667,NA,S,Age_20,5,0,25.4667
231,1,1,Mrs,female,35,1,0,36973,83.475,C83,S,Age_30,2,0,83.475
232,0,3,Mr,male,29,0,0,347067,7.775,NA,S,Age_20,1,0,7.775
233,0,2,Mr,male,59,0,0,237442,13.5,NA,S,Age_50,1,0,13.5
234,1,3,Miss,female,5,4,2,347077,31.3875,NA,S,Age_00,7,0,31.3875
235,0,2,Mr,male,24,0,0,C.A. 29566,10.5,NA,S,Age_20,1,0,10.5
236,0,3,Miss,female,21.77,0,0,W./C. 6609,7.55,NA,S,Age_20,1,0,7.55
237,0,2,Mr,male,44,1,0,26707,26,NA,S,Age_40,2,0,26
238,1,2,Miss,female,8,0,2,C.A. 31921,26.25,NA,S,Age_00,3,0,26.25
239,0,2,Mr,male,19,0,0,28665,10.5,NA,S,Age_10,1,0,10.5
240,0,2,Mr,male,33,0,0,SCO/W 1585,12.275,NA,S,Age_30,1,0,12.275
241,0,3,Miss,female,21.77,1,0,2665,14.4542,NA,C,Age_20,2,0,14.4542
242,1,3,Miss,female,21.77,1,0,367230,15.5,NA,Q,Age_20,2,0,15.5
243,0,2,Mr,male,29,0,0,W./C. 14263,10.5,NA,S,Age_20,1,0,10.5
244,0,3,Mr,male,22,0,0,STON/O 2. 3101275,7.125,NA,S,Age_20,1,0,7.125
245,0,3,Mr,male,30,0,0,2694,7.225,NA,C,Age_30,1,0,7.225
246,0,1,Dr,male,44,2,0,19928,90,C78,Q,Age_40,3,0,90
247,0,3,Miss,female,25,0,0,347071,7.775,NA,S,Age_20,1,0,7.775
248,1,2,Mrs,female,24,0,2,250649,14.5,NA,S,Age_20,3,1,14.5
249,1,1,Mr,male,37,1,1,11751,52.5542,D35,S,Age_30,3,0,52.5542
250,0,2,"Carter, Rev. Ernest Courtenay",male,54,1,0,244252,26,NA,S,Age_50,2,0,26
251,0,3,Mr,male,32.37,0,0,362316,7.25,NA,S,Age_30,1,0,7.25
252,0,3,Mrs,female,29,1,1,347054,10.4625,G6,S,Age_20,3,1,10.4625
253,0,1,Mr,male,62,0,0,113514,26.55,C87,S,Age_60,1,0,26.55
254,0,3,Mr,male,30,1,0,A/5. 3336,16.1,NA,S,Age_30,2,0,16.1
255,0,3,Mrs,female,41,0,2,370129,20.2125,NA,S,Age_40,3,1,20.2125
256,1,3,Mrs,female,29,0,2,2650,15.2458,NA,C,Age_20,3,1,15.2458
257,1,1,Mrs,female,35.9,0,0,PC 17585,79.2,NA,C,Age_30,1,0,79.2
258,1,1,Miss,female,30,0,0,110152,86.5,B77,S,Age_30,1,0,86.5
259,1,1,Miss,female,35,0,0,PC 17755,512.3292,NA,C,Age_30,1,0,164.8667
260,1,2,Mrs,female,50,0,1,230433,26,NA,S,Age_50,2,1,26
261,0,3,Mr,male,32.37,0,0,384461,7.75,NA,Q,Age_30,1,0,7.75
262,1,3,Master,male,3,4,2,347077,31.3875,NA,S,Age_00,7,0,31.3875
263,0,1,Mr,male,52,1,1,110413,79.65,E67,S,Age_50,3,0,79.65
264,0,1,Mr,male,40,0,0,112059,0,B94,S,Age_40,1,0,0
265,0,3,Miss,female,21.77,0,0,382649,7.75,NA,Q,Age_20,1,0,7.75
266,0,2,Mr,male,36,0,0,C.A. 17248,10.5,NA,S,Age_30,1,0,10.5
267,0,3,Mr,male,16,4,1,3101295,39.6875,NA,S,Age_10,6,0,39.6875
268,1,3,Mr,male,25,1,0,347083,7.775,NA,S,Age_20,2,0,7.775
269,1,1,Mrs,female,58,0,1,PC 17582,153.4625,C125,S,Age_50,2,1,153.4625
270,1,1,Miss,female,35,0,0,PC 17760,135.6333,C99,S,Age_30,1,0,135.6333
271,0,1,Mr,male,32.37,0,0,113798,31,NA,S,Age_30,1,0,31
272,1,3,Mr,male,25,0,0,LINE,0,NA,S,Age_20,1,0,0
273,1,2,Mrs,female,41,0,1,250644,19.5,NA,S,Age_40,2,1,19.5
274,0,1,Mr,male,37,0,1,PC 17596,29.7,C118,C,Age_30,2,0,29.7
275,1,3,Miss,female,21.77,0,0,370375,7.75,NA,Q,Age_20,1,0,7.75
276,1,1,Miss,female,63,1,0,13502,77.9583,D7,S,Age_60,2,0,77.9583
277,0,3,Miss,female,45,0,0,347073,7.75,NA,S,Age_40,1,0,7.75
278,0,2,Mr,male,32.37,0,0,239853,0,NA,S,Age_30,1,0,0
279,0,3,Master,male,7,4,1,382652,29.125,NA,Q,Age_00,6,0,29.125
280,1,3,Mrs,female,35,1,1,C.A. 2673,20.25,NA,S,Age_30,3,1,20.25
281,0,3,Mr,male,65,0,0,336439,7.75,NA,Q,Age_60,1,0,7.75
282,0,3,Mr,male,28,0,0,347464,7.8542,NA,S,Age_20,1,0,7.8542
283,0,3,Mr,male,16,0,0,345778,9.5,NA,S,Age_10,1,0,9.5
284,1,3,Mr,male,19,0,0,A/5. 10482,8.05,NA,S,Age_10,1,0,8.05
285,0,1,Mr,male,32.37,0,0,113056,26,A19,S,Age_30,1,0,26
286,0,3,Mr,male,33,0,0,349239,8.6625,NA,C,Age_30,1,0,8.6625
287,1,3,Mr,male,30,0,0,345774,9.5,NA,S,Age_30,1,0,9.5
288,0,3,Mr,male,22,0,0,349206,7.8958,NA,S,Age_20,1,0,7.8958
289,1,2,Mr,male,42,0,0,237798,13,NA,S,Age_40,1,0,13
290,1,3,Miss,female,22,0,0,370373,7.75,NA,Q,Age_20,1,0,7.75
291,1,1,Miss,female,26,0,0,19877,78.85,NA,S,Age_20,1,0,78.85
292,1,1,Mrs,female,19,1,0,11967,91.0792,B49,C,Age_10,2,0,91.0792
293,0,2,Mr,male,36,0,0,SC/Paris 2163,12.875,D,C,Age_30,1,0,12.875
294,0,3,Miss,female,24,0,0,349236,8.85,NA,S,Age_20,1,0,8.85
295,0,3,Mr,male,24,0,0,349233,7.8958,NA,S,Age_20,1,0,7.8958
296,0,1,Mr,male,32.37,0,0,PC 17612,27.7208,NA,C,Age_30,1,0,27.7208
297,0,3,Mr,male,23.5,0,0,2693,7.2292,NA,C,Age_20,1,0,7.2292
298,0,1,Miss,female,2,1,2,113781,151.55,C22 C26,S,Age_00,4,0,151.55
299,1,1,Mr,male,32.37,0,0,19988,30.5,C106,S,Age_30,1,0,30.5
300,1,1,Mrs,female,50,0,1,PC 17558,247.5208,B58 B60,C,Age_50,2,1,164.8667
301,1,3,Miss,female,21.77,0,0,9234,7.75,NA,Q,Age_20,1,0,7.75
302,1,3,Mr,male,32.37,2,0,367226,23.25,NA,Q,Age_30,3,0,23.25
303,0,3,Mr,male,19,0,0,LINE,0,NA,S,Age_10,1,0,0
304,1,2,Miss,female,21.77,0,0,226593,12.35,E101,Q,Age_20,1,0,12.35
305,0,3,Mr,male,32.37,0,0,A/5 2466,8.05,NA,S,Age_30,1,0,8.05
306,1,1,Master,male,0.92,1,2,113781,151.55,C22 C26,S,Age_00,4,0,151.55
307,1,1,Miss,female,21.77,0,0,17421,110.8833,NA,C,Age_20,1,0,110.8833
308,1,1,Mrs,female,17,1,0,PC 17758,108.9,C65,C,Age_10,2,0,108.9
309,0,2,Mr,male,30,1,0,P/PP 3381,24,NA,C,Age_30,2,0,24
310,1,1,Miss,female,30,0,0,PC 17485,56.9292,E36,C,Age_30,1,0,56.9292
311,1,1,Miss,female,24,0,0,11767,83.1583,C54,C,Age_20,1,0,83.1583
312,1,1,Miss,female,18,2,2,PC 17608,262.375,B57 B59 B63 B66,C,Age_10,5,0,164.8667
313,0,2,Mrs,female,26,1,1,250651,26,NA,S,Age_20,3,1,26
314,0,3,Mr,male,28,0,0,349243,7.8958,NA,S,Age_20,1,0,7.8958
315,0,2,Mr,male,43,1,1,F.C.C. 13529,26.25,NA,S,Age_40,3,0,26.25
316,1,3,Miss,female,26,0,0,347470,7.8542,NA,S,Age_20,1,0,7.8542
317,1,2,Mrs,female,24,1,0,244367,26,NA,S,Age_20,2,0,26
318,0,2,Dr,male,54,0,0,29011,14,NA,S,Age_50,1,0,14
319,1,1,Miss,female,31,0,2,36928,164.8667,C7,S,Age_30,3,0,164.8667
320,1,1,Mrs,female,40,1,1,16966,134.5,E34,C,Age_40,3,1,134.5
321,0,3,Mr,male,22,0,0,A/5 21172,7.25,NA,S,Age_20,1,0,7.25
322,0,3,Mr,male,27,0,0,349219,7.8958,NA,S,Age_20,1,0,7.8958
323,1,2,Miss,female,30,0,0,234818,12.35,NA,Q,Age_30,1,0,12.35
324,1,2,Mrs,female,22,1,1,248738,29,NA,S,Age_20,3,1,29
325,0,3,Mr,male,32.37,8,2,CA. 2343,69.55,NA,S,Age_30,11,0,69.55
326,1,1,Miss,female,36,0,0,PC 17760,135.6333,C32,C,Age_30,1,0,135.6333
327,0,3,Mr,male,61,0,0,345364,6.2375,NA,S,Age_60,1,0,6.2375
328,1,2,Mrs,female,36,0,0,28551,13,D,S,Age_30,1,0,13
329,1,3,Mrs,female,31,1,1,363291,20.525,NA,S,Age_30,3,1,20.525
330,1,1,Miss,female,16,0,1,111361,57.9792,B18,C,Age_10,2,0,57.9792
331,1,3,Miss,female,21.77,2,0,367226,23.25,NA,Q,Age_20,3,0,23.25
332,0,1,Mr,male,45.5,0,0,113043,28.5,C124,S,Age_40,1,0,28.5
333,0,1,Mr,male,38,0,1,PC 17582,153.4625,C91,S,Age_30,2,0,153.4625
334,0,3,Mr,male,16,2,0,345764,18,NA,S,Age_10,3,0,18
335,1,1,Mrs,female,35.9,1,0,PC 17611,133.65,NA,S,Age_30,2,0,133.65
336,0,3,Mr,male,32.37,0,0,349225,7.8958,NA,S,Age_30,1,0,7.8958
337,0,1,Mr,male,29,1,0,113776,66.6,C2,S,Age_20,2,0,66.6
338,1,1,Miss,female,41,0,0,16966,134.5,E40,C,Age_40,1,0,134.5
339,1,3,Mr,male,45,0,0,7598,8.05,NA,S,Age_40,1,0,8.05
340,0,1,Mr,male,45,0,0,113784,35.5,T,S,Age_40,1,0,35.5
341,1,2,Master,male,2,1,1,230080,26,F2,S,Age_00,3,0,26
342,1,1,Miss,female,24,3,2,19950,263,C23 C25 C27,S,Age_20,6,0,164.8667
343,0,2,Mr,male,28,0,0,248740,13,NA,S,Age_20,1,0,13
344,0,2,Mr,male,25,0,0,244361,13,NA,S,Age_20,1,0,13
345,0,2,Mr,male,36,0,0,229236,13,NA,S,Age_30,1,0,13
346,1,2,Miss,female,24,0,0,248733,13,F33,S,Age_20,1,0,13
347,1,2,Miss,female,40,0,0,31418,13,NA,S,Age_40,1,0,13
348,1,3,Mrs,female,35.9,1,0,386525,16.1,NA,S,Age_30,2,0,16.1
349,1,3,Master,male,3,1,1,C.A. 37671,15.9,NA,S,Age_00,3,0,15.9
350,0,3,Mr,male,42,0,0,315088,8.6625,NA,S,Age_40,1,0,8.6625
351,0,3,Mr,male,23,0,0,7267,9.225,NA,S,Age_20,1,0,9.225
352,0,1,Mr,male,32.37,0,0,113510,35,C128,S,Age_30,1,0,35
353,0,3,Mr,male,15,1,1,2695,7.2292,NA,C,Age_10,3,0,7.2292
354,0,3,Mr,male,25,1,0,349237,17.8,NA,S,Age_20,2,0,17.8
355,0,3,Mr,male,32.37,0,0,2647,7.225,NA,C,Age_30,1,0,7.225
356,0,3,Mr,male,28,0,0,345783,9.5,NA,S,Age_20,1,0,9.5
357,1,1,Miss,female,22,0,1,113505,55,E33,S,Age_20,2,0,55
358,0,2,Miss,female,38,0,0,237671,13,NA,S,Age_30,1,0,13
359,1,3,Miss,female,21.77,0,0,330931,7.8792,NA,Q,Age_20,1,0,7.8792
360,1,3,Miss,female,21.77,0,0,330980,7.8792,NA,Q,Age_20,1,0,7.8792
361,0,3,Mr,male,40,1,4,347088,27.9,NA,S,Age_40,6,0,27.9
362,0,2,Mr,male,29,1,0,SC/PARIS 2167,27.7208,NA,C,Age_20,2,0,27.7208
363,0,3,Mrs,female,45,0,1,2691,14.4542,NA,C,Age_40,2,1,14.4542
364,0,3,Mr,male,35,0,0,SOTON/O.Q. 3101310,7.05,NA,S,Age_30,1,0,7.05
365,0,3,Mr,male,32.37,1,0,370365,15.5,NA,Q,Age_30,2,0,15.5
366,0,3,Mr,male,30,0,0,C 7076,7.25,NA,S,Age_30,1,0,7.25
367,1,1,Mrs,female,60,1,0,110813,75.25,D37,C,Age_60,2,0,75.25
368,1,3,Mrs,female,35.9,0,0,2626,7.2292,NA,C,Age_30,1,0,7.2292
369,1,3,Miss,female,21.77,0,0,14313,7.75,NA,Q,Age_20,1,0,7.75
370,1,1,"Aubart, Mme. Leontine Pauline",female,24,0,0,PC 17477,69.3,B35,C,Age_20,1,0,69.3
371,1,1,Mr,male,25,1,0,11765,55.4417,E50,C,Age_20,2,0,55.4417
372,0,3,Mr,male,18,1,0,3101267,6.4958,NA,S,Age_10,2,0,6.4958
373,0,3,Mr,male,19,0,0,323951,8.05,NA,S,Age_10,1,0,8.05
374,0,1,Mr,male,22,0,0,PC 17760,135.6333,NA,C,Age_20,1,0,135.6333
375,0,3,Miss,female,3,3,1,349909,21.075,NA,S,Age_00,5,0,21.075
376,1,1,Mrs,female,35.9,1,0,PC 17604,82.1708,NA,C,Age_30,2,0,82.1708
377,1,3,Miss,female,22,0,0,C 7077,7.25,NA,S,Age_20,1,0,7.25
378,0,1,Mr,male,27,0,2,113503,211.5,C82,C,Age_20,3,0,164.8667
379,0,3,Mr,male,20,0,0,2648,4.0125,NA,C,Age_20,1,0,4.0125
380,0,3,Mr,male,19,0,0,347069,7.775,NA,S,Age_10,1,0,7.775
381,1,1,Miss,female,42,0,0,PC 17757,227.525,NA,C,Age_40,1,0,164.8667
382,1,3,Miss,female,1,0,2,2653,15.7417,NA,C,Age_00,3,0,15.7417
383,0,3,Mr,male,32,0,0,STON/O 2. 3101293,7.925,NA,S,Age_30,1,0,7.925
384,1,1,Mrs,female,35,1,0,113789,52,NA,S,Age_30,2,0,52
385,0,3,Mr,male,32.37,0,0,349227,7.8958,NA,S,Age_30,1,0,7.8958
386,0,2,Mr,male,18,0,0,S.O.C. 14879,73.5,NA,S,Age_10,1,0,73.5
387,0,3,Master,male,1,5,2,CA 2144,46.9,NA,S,Age_00,8,0,46.9
388,1,2,Miss,female,36,0,0,27849,13,NA,S,Age_30,1,0,13
389,0,3,Mr,male,32.37,0,0,367655,7.7292,NA,Q,Age_30,1,0,7.7292
390,1,2,Miss,female,17,0,0,SC 1748,12,NA,C,Age_10,1,0,12
391,1,1,Mr,male,36,1,2,113760,120,B96 B98,S,Age_30,4,0,120
392,1,3,Mr,male,21,0,0,350034,7.7958,NA,S,Age_20,1,0,7.7958
393,0,3,Mr,male,28,2,0,3101277,7.925,NA,S,Age_20,3,0,7.925
394,1,1,Miss,female,23,1,0,35273,113.275,D36,C,Age_20,2,0,113.275
395,1,3,Mrs,female,24,0,2,PP 9549,16.7,G6,S,Age_20,3,1,16.7
396,0,3,Mr,male,22,0,0,350052,7.7958,NA,S,Age_20,1,0,7.7958
397,0,3,Miss,female,31,0,0,350407,7.8542,NA,S,Age_30,1,0,7.8542
398,0,2,Mr,male,46,0,0,28403,26,NA,S,Age_40,1,0,26
399,0,2,Dr,male,23,0,0,244278,10.5,NA,S,Age_20,1,0,10.5
400,1,2,Mrs,female,28,0,0,240929,12.65,NA,S,Age_20,1,0,12.65
401,1,3,Mr,male,39,0,0,STON/O 2. 3101289,7.925,NA,S,Age_30,1,0,7.925
402,0,3,Mr,male,26,0,0,341826,8.05,NA,S,Age_20,1,0,8.05
403,0,3,Miss,female,21,1,0,4137,9.825,NA,S,Age_20,2,0,9.825
404,0,3,Mr,male,28,1,0,STON/O2. 3101279,15.85,NA,S,Age_20,2,0,15.85
405,0,3,Miss,female,20,0,0,315096,8.6625,NA,S,Age_20,1,0,8.6625
406,0,2,Mr,male,34,1,0,28664,21,NA,S,Age_30,2,0,21
407,0,3,Mr,male,51,0,0,347064,7.75,NA,S,Age_50,1,0,7.75
408,1,2,Master,male,3,1,1,29106,18.75,NA,S,Age_00,3,0,18.75
409,0,3,Mr,male,21,0,0,312992,7.775,NA,S,Age_20,1,0,7.775
410,0,3,Miss,female,21.77,3,1,4133,25.4667,NA,S,Age_20,5,0,25.4667
411,0,3,Mr,male,32.37,0,0,349222,7.8958,NA,S,Age_30,1,0,7.8958
412,0,3,Mr,male,32.37,0,0,394140,6.8583,NA,Q,Age_30,1,0,6.8583
413,1,1,Miss,female,33,1,0,19928,90,C78,Q,Age_30,2,0,90
414,0,2,Mr,male,32.37,0,0,239853,0,NA,S,Age_30,1,0,0
415,1,3,Mr,male,44,0,0,STON/O 2. 3101269,7.925,NA,S,Age_40,1,0,7.925
416,0,3,Mrs,female,35.9,0,0,343095,8.05,NA,S,Age_30,1,0,8.05
417,1,2,Mrs,female,34,1,1,28220,32.5,NA,S,Age_30,3,1,32.5
418,1,2,Miss,female,18,0,2,250652,13,NA,S,Age_10,3,0,13
419,0,2,Mr,male,30,0,0,28228,13,NA,S,Age_30,1,0,13
420,0,3,Miss,female,10,0,2,345773,24.15,NA,S,Age_10,3,0,24.15
421,0,3,Mr,male,32.37,0,0,349254,7.8958,NA,C,Age_30,1,0,7.8958
422,0,3,Mr,male,21,0,0,A/5. 13032,7.7333,NA,Q,Age_20,1,0,7.7333
423,0,3,Mr,male,29,0,0,315082,7.875,NA,S,Age_20,1,0,7.875
424,0,3,Mrs,female,28,1,1,347080,14.4,NA,S,Age_20,3,1,14.4
425,0,3,Mr,male,18,1,1,370129,20.2125,NA,S,Age_10,3,0,20.2125
426,0,3,Mr,male,32.37,0,0,A/4. 34244,7.25,NA,S,Age_30,1,0,7.25
427,1,2,Mrs,female,28,1,0,2003,26,NA,S,Age_20,2,0,26
428,1,2,Miss,female,19,0,0,250655,26,NA,S,Age_10,1,0,26
429,0,3,Mr,male,32.37,0,0,364851,7.75,NA,Q,Age_30,1,0,7.75
430,1,3,Mr,male,32,0,0,SOTON/O.Q. 392078,8.05,E10,S,Age_30,1,0,8.05
431,1,1,Mr,male,28,0,0,110564,26.55,C52,S,Age_20,1,0,26.55
432,1,3,Mrs,female,35.9,1,0,376564,16.1,NA,S,Age_30,2,0,16.1
433,1,2,Mrs,female,42,1,0,SC/AH 3085,26,NA,S,Age_40,2,0,26
434,0,3,Mr,male,17,0,0,STON/O 2. 3101274,7.125,NA,S,Age_10,1,0,7.125
435,0,1,Mr,male,50,1,0,13507,55.9,E44,S,Age_50,2,0,55.9
436,1,1,Miss,female,14,1,2,113760,120,B96 B98,S,Age_10,4,0,120
437,0,3,Miss,female,21,2,2,W./C. 6608,34.375,NA,S,Age_20,5,0,34.375
438,1,2,Mrs,female,24,2,3,29106,18.75,NA,S,Age_20,6,1,18.75
439,0,1,Mr,male,64,1,4,19950,263,C23 C25 C27,S,Age_60,6,0,164.8667
440,0,2,Mr,male,31,0,0,C.A. 18723,10.5,NA,S,Age_30,1,0,10.5
441,1,2,Mrs,female,45,1,1,F.C.C. 13529,26.25,NA,S,Age_40,3,1,26.25
442,0,3,Mr,male,20,0,0,345769,9.5,NA,S,Age_20,1,0,9.5
443,0,3,Mr,male,25,1,0,347076,7.775,NA,S,Age_20,2,0,7.775
444,1,2,"Reynaldo, Ms. Encarnacion",female,28,0,0,230434,13,NA,S,Age_20,1,0,13
445,1,3,Mr,male,32.37,0,0,65306,8.1125,NA,S,Age_30,1,0,8.1125
446,1,1,Master,male,4,0,2,33638,81.8583,A34,S,Age_00,3,0,81.8583
447,1,2,Miss,female,13,0,1,250644,19.5,NA,S,Age_10,2,0,19.5
448,1,1,Mr,male,34,0,0,113794,26.55,NA,S,Age_30,1,0,26.55
449,1,3,Miss,female,5,2,1,2666,19.2583,NA,C,Age_00,4,0,19.2583
450,1,1,"Peuchen, Major. Arthur Godfrey",male,52,0,0,113786,30.5,C104,S,Age_50,1,0,30.5
451,0,2,Mr,male,36,1,2,C.A. 34651,27.75,NA,S,Age_30,4,0,27.75
452,0,3,Mr,male,32.37,1,0,65303,19.9667,NA,S,Age_30,2,0,19.9667
453,0,1,Mr,male,30,0,0,113051,27.75,C111,C,Age_30,1,0,27.75
454,1,1,Mr,male,49,1,0,17453,89.1042,C92,C,Age_40,2,0,89.1042
455,0,3,Mr,male,32.37,0,0,A/5 2817,8.05,NA,S,Age_30,1,0,8.05
456,1,3,Mr,male,29,0,0,349240,7.8958,NA,C,Age_20,1,0,7.8958
457,0,1,Mr,male,65,0,0,13509,26.55,E38,S,Age_60,1,0,26.55
458,1,1,Mrs,female,35.9,1,0,17464,51.8625,D21,S,Age_30,2,0,51.8625
459,1,2,Miss,female,50,0,0,F.C.C. 13531,10.5,NA,S,Age_50,1,0,10.5
460,0,3,Mr,male,32.37,0,0,371060,7.75,NA,Q,Age_30,1,0,7.75
461,1,1,Mr,male,48,0,0,19952,26.55,E12,S,Age_40,1,0,26.55
462,0,3,Mr,male,34,0,0,364506,8.05,NA,S,Age_30,1,0,8.05
463,0,1,Mr,male,47,0,0,111320,38.5,E63,S,Age_40,1,0,38.5
464,0,2,Mr,male,48,0,0,234360,13,NA,S,Age_40,1,0,13
465,0,3,Mr,male,32.37,0,0,A/S 2816,8.05,NA,S,Age_30,1,0,8.05
466,0,3,Mr,male,38,0,0,SOTON/O.Q. 3101306,7.05,NA,S,Age_30,1,0,7.05
467,0,2,Mr,male,32.37,0,0,239853,0,NA,S,Age_30,1,0,0
468,0,1,Mr,male,56,0,0,113792,26.55,NA,S,Age_50,1,0,26.55
469,0,3,Mr,male,32.37,0,0,36209,7.725,NA,Q,Age_30,1,0,7.725
470,1,3,Miss,female,0.75,2,1,2666,19.2583,NA,C,Age_00,4,0,19.2583
471,0,3,Mr,male,32.37,0,0,323592,7.25,NA,S,Age_30,1,0,7.25
472,0,3,Mr,male,38,0,0,315089,8.6625,NA,S,Age_30,1,0,8.6625
473,1,2,Mrs,female,33,1,2,C.A. 34651,27.75,NA,S,Age_30,4,1,27.75
474,1,2,Mrs,female,23,0,0,SC/AH Basle 541,13.7917,D,C,Age_20,1,0,13.7917
475,0,3,Miss,female,22,0,0,7553,9.8375,NA,S,Age_20,1,0,9.8375
476,0,1,Mr,male,32.37,0,0,110465,52,A14,S,Age_30,1,0,52
477,0,2,Mr,male,34,1,0,31027,21,NA,S,Age_30,2,0,21
478,0,3,Mr,male,29,1,0,3460,7.0458,NA,S,Age_20,2,0,7.0458
479,0,3,Mr,male,22,0,0,350060,7.5208,NA,S,Age_20,1,0,7.5208
480,1,3,Miss,female,2,0,1,3101298,12.2875,NA,S,Age_00,2,0,12.2875
481,0,3,Master,male,9,5,2,CA 2144,46.9,NA,S,Age_00,8,0,46.9
482,0,2,Mr,male,32.37,0,0,239854,0,NA,S,Age_30,1,0,0
483,0,3,Mr,male,50,0,0,A/5 3594,8.05,NA,S,Age_50,1,0,8.05
484,1,3,Mrs,female,63,0,0,4134,9.5875,NA,S,Age_60,1,0,9.5875
485,1,1,Mr,male,25,1,0,11967,91.0792,B49,C,Age_20,2,0,91.0792
486,0,3,Miss,female,21.77,3,1,4133,25.4667,NA,S,Age_20,5,0,25.4667
487,1,1,Mrs,female,35,1,0,19943,90,C93,S,Age_30,2,0,90
488,0,1,Mr,male,58,0,0,11771,29.7,B37,C,Age_50,1,0,29.7
489,0,3,Mr,male,30,0,0,A.5. 18509,8.05,NA,S,Age_30,1,0,8.05
490,1,3,Master,male,9,1,1,C.A. 37671,15.9,NA,S,Age_00,3,0,15.9
491,0,3,Mr,male,32.37,1,0,65304,19.9667,NA,S,Age_30,2,0,19.9667
492,0,3,Mr,male,21,0,0,SOTON/OQ 3101317,7.25,NA,S,Age_20,1,0,7.25
493,0,1,Mr,male,55,0,0,113787,30.5,C30,S,Age_50,1,0,30.5
494,0,1,Mr,male,71,0,0,PC 17609,49.5042,NA,C,Age_70,1,0,49.5042
495,0,3,Mr,male,21,0,0,A/4 45380,8.05,NA,S,Age_20,1,0,8.05
496,0,3,Mr,male,32.37,0,0,2627,14.4583,NA,C,Age_30,1,0,14.4583
497,1,1,Miss,female,54,1,0,36947,78.2667,D20,C,Age_50,2,0,78.2667
498,0,3,Mr,male,32.37,0,0,C.A. 6212,15.1,NA,S,Age_30,1,0,15.1
499,0,1,Mrs,female,25,1,2,113781,151.55,C22 C26,S,Age_20,4,1,151.55
500,0,3,Mr,male,24,0,0,350035,7.7958,NA,S,Age_20,1,0,7.7958
501,0,3,Mr,male,17,0,0,315086,8.6625,NA,S,Age_10,1,0,8.6625
502,0,3,Miss,female,21,0,0,364846,7.75,NA,Q,Age_20,1,0,7.75
503,0,3,Miss,female,21.77,0,0,330909,7.6292,NA,Q,Age_20,1,0,7.6292
504,0,3,Miss,female,37,0,0,4135,9.5875,NA,S,Age_30,1,0,9.5875
505,1,1,Miss,female,16,0,0,110152,86.5,B79,S,Age_10,1,0,86.5
506,0,1,Mr,male,18,1,0,PC 17758,108.9,C65,C,Age_10,2,0,108.9
507,1,2,Mrs,female,33,0,2,26360,26,NA,S,Age_30,3,1,26
508,1,1,Mr,male,32.37,0,0,111427,26.55,NA,S,Age_30,1,0,26.55
509,0,3,Mr,male,28,0,0,C 4001,22.525,NA,S,Age_20,1,0,22.525
510,1,3,Mr,male,26,0,0,1601,56.4958,NA,S,Age_20,1,0,56.4958
511,1,3,Mr,male,29,0,0,382651,7.75,NA,Q,Age_20,1,0,7.75
512,0,3,Mr,male,32.37,0,0,SOTON/OQ 3101316,8.05,NA,S,Age_30,1,0,8.05
513,1,1,Mr,male,36,0,0,PC 17473,26.2875,E25,S,Age_30,1,0,26.2875
514,1,1,Mrs,female,54,1,0,PC 17603,59.4,NA,C,Age_50,2,0,59.4
515,0,3,Mr,male,24,0,0,349209,7.4958,NA,S,Age_20,1,0,7.4958
516,0,1,Mr,male,47,0,0,36967,34.0208,D46,S,Age_40,1,0,34.0208
517,1,2,Mrs,female,34,0,0,C.A. 34260,10.5,F33,S,Age_30,1,0,10.5
518,0,3,Mr,male,32.37,0,0,371110,24.15,NA,Q,Age_30,1,0,24.15
519,1,2,Mrs,female,36,1,0,226875,26,NA,S,Age_30,2,0,26
520,0,3,Mr,male,32,0,0,349242,7.8958,NA,S,Age_30,1,0,7.8958
521,1,1,Miss,female,30,0,0,12749,93.5,B73,S,Age_30,1,0,93.5
522,0,3,Mr,male,22,0,0,349252,7.8958,NA,S,Age_20,1,0,7.8958
523,0,3,Mr,male,32.37,0,0,2624,7.225,NA,C,Age_30,1,0,7.225
524,1,1,Mrs,female,44,0,1,111361,57.9792,B18,C,Age_40,2,1,57.9792
525,0,3,Mr,male,32.37,0,0,2700,7.2292,NA,C,Age_30,1,0,7.2292
526,0,3,Mr,male,40.5,0,0,367232,7.75,NA,Q,Age_40,1,0,7.75
527,1,2,Miss,female,50,0,0,W./C. 14258,10.5,NA,S,Age_50,1,0,10.5
528,0,1,Mr,male,32.37,0,0,PC 17483,221.7792,C95,S,Age_30,1,0,164.8667
529,0,3,Mr,male,39,0,0,3101296,7.925,NA,S,Age_30,1,0,7.925
530,0,2,Mr,male,23,2,1,29104,11.5,NA,S,Age_20,4,0,11.5
531,1,2,Miss,female,2,1,1,26360,26,NA,S,Age_00,3,0,26
532,0,3,Mr,male,32.37,0,0,2641,7.2292,NA,C,Age_30,1,0,7.2292
533,0,3,Mr,male,17,1,1,2690,7.2292,NA,C,Age_10,3,0,7.2292
534,1,3,Mrs,female,35.9,0,2,2668,22.3583,NA,C,Age_30,3,1,22.3583
535,0,3,Miss,female,30,0,0,315084,8.6625,NA,S,Age_30,1,0,8.6625
536,1,2,Miss,female,7,0,2,F.C.C. 13529,26.25,NA,S,Age_00,3,0,26.25
537,0,1,"Butt, Major. Archibald Willingham",male,45,0,0,113050,26.55,B38,S,Age_40,1,0,26.55
538,1,1,Miss,female,30,0,0,PC 17761,106.425,NA,C,Age_30,1,0,106.425
539,0,3,Mr,male,32.37,0,0,364498,14.5,NA,S,Age_30,1,0,14.5
540,1,1,Miss,female,22,0,2,13568,49.5,B39,C,Age_20,3,0,49.5
541,1,1,Miss,female,36,0,2,WE/P 5735,71,B22,S,Age_30,3,0,71
542,0,3,Miss,female,9,4,2,347082,31.275,NA,S,Age_00,7,0,31.275
543,0,3,Miss,female,11,4,2,347082,31.275,NA,S,Age_10,7,0,31.275
544,1,2,Mr,male,32,1,0,2908,26,NA,S,Age_30,2,0,26
545,0,1,Mr,male,50,1,0,PC 17761,106.425,C86,C,Age_50,2,0,106.425
546,0,1,Mr,male,64,0,0,693,26,NA,S,Age_60,1,0,26
547,1,2,Mrs,female,19,1,0,2908,26,NA,S,Age_10,2,0,26
548,1,2,Mr,male,32.37,0,0,SC/PARIS 2146,13.8625,NA,C,Age_30,1,0,13.8625
549,0,3,Mr,male,33,1,1,363291,20.525,NA,S,Age_30,3,0,20.525
550,1,2,Master,male,8,1,1,C.A. 33112,36.75,NA,S,Age_00,3,0,36.75
551,1,1,Mr,male,17,0,2,17421,110.8833,C70,C,Age_10,3,0,110.8833
552,0,2,Mr,male,27,0,0,244358,26,NA,S,Age_20,1,0,26
553,0,3,Mr,male,32.37,0,0,330979,7.8292,NA,Q,Age_30,1,0,7.8292
554,1,3,Mr,male,22,0,0,2620,7.225,NA,C,Age_20,1,0,7.225
555,1,3,Miss,female,22,0,0,347085,7.775,NA,S,Age_20,1,0,7.775
556,0,1,Mr,male,62,0,0,113807,26.55,NA,S,Age_60,1,0,26.55
557,1,1,"Duff Gordon, Lady. (Lucille Christiana Sutherland) (""Mrs Morgan"")",female,48,1,0,11755,39.6,A16,C,Age_40,2,0,39.6
558,0,1,Mr,male,32.37,0,0,PC 17757,227.525,NA,C,Age_30,1,0,164.8667
559,1,1,Mrs,female,39,1,1,110413,79.65,E67,S,Age_30,3,1,79.65
560,1,3,Mrs,female,36,1,0,345572,17.4,NA,S,Age_30,2,0,17.4
561,0,3,Mr,male,32.37,0,0,372622,7.75,NA,Q,Age_30,1,0,7.75
562,0,3,Mr,male,40,0,0,349251,7.8958,NA,S,Age_40,1,0,7.8958
563,0,2,Mr,male,28,0,0,218629,13.5,NA,S,Age_20,1,0,13.5
564,0,3,Mr,male,32.37,0,0,SOTON/OQ 392082,8.05,NA,S,Age_30,1,0,8.05
565,0,3,Miss,female,21.77,0,0,SOTON/O.Q. 392087,8.05,NA,S,Age_20,1,0,8.05
566,0,3,Mr,male,24,2,0,A/4 48871,24.15,NA,S,Age_20,3,0,24.15
567,0,3,Mr,male,19,0,0,349205,7.8958,NA,S,Age_10,1,0,7.8958
568,0,3,Mrs,female,29,0,4,349909,21.075,NA,S,Age_20,5,1,21.075
569,0,3,Mr,male,32.37,0,0,2686,7.2292,NA,C,Age_30,1,0,7.2292
570,1,3,Mr,male,32,0,0,350417,7.8542,NA,S,Age_30,1,0,7.8542
571,1,2,Mr,male,62,0,0,S.W./PP 752,10.5,NA,S,Age_60,1,0,10.5
572,1,1,Mrs,female,53,2,0,11769,51.4792,C101,S,Age_50,3,0,51.4792
573,1,1,Mr,male,36,0,0,PC 17474,26.3875,E25,S,Age_30,1,0,26.3875
574,1,3,Miss,female,21.77,0,0,14312,7.75,NA,Q,Age_20,1,0,7.75
575,0,3,Mr,male,16,0,0,A/4. 20589,8.05,NA,S,Age_10,1,0,8.05
576,0,3,Mr,male,19,0,0,358585,14.5,NA,S,Age_10,1,0,14.5
577,1,2,Miss,female,34,0,0,243880,13,NA,S,Age_30,1,0,13
578,1,1,Mrs,female,39,1,0,13507,55.9,E44,S,Age_30,2,0,55.9
579,0,3,Mrs,female,35.9,1,0,2689,14.4583,NA,C,Age_30,2,0,14.4583
580,1,3,Mr,male,32,0,0,STON/O 2. 3101286,7.925,NA,S,Age_30,1,0,7.925
581,1,2,Miss,female,25,1,1,237789,30,NA,S,Age_20,3,0,30
582,1,1,Mrs,female,39,1,1,17421,110.8833,C68,C,Age_30,3,1,110.8833
583,0,2,Mr,male,54,0,0,28403,26,NA,S,Age_50,1,0,26
584,0,1,Mr,male,36,0,0,13049,40.125,A10,C,Age_30,1,0,40.125
585,0,3,Mr,male,32.37,0,0,3411,8.7125,NA,C,Age_30,1,0,8.7125
586,1,1,Miss,female,18,0,2,110413,79.65,E68,S,Age_10,3,0,79.65
587,0,2,Mr,male,47,0,0,237565,15,NA,S,Age_40,1,0,15
588,1,1,Mr,male,60,1,1,13567,79.2,B41,C,Age_60,3,0,79.2
589,0,3,Mr,male,22,0,0,14973,8.05,NA,S,Age_20,1,0,8.05
590,0,3,Mr,male,32.37,0,0,A./5. 3235,8.05,NA,S,Age_30,1,0,8.05
591,0,3,Mr,male,35,0,0,STON/O 2. 3101273,7.125,NA,S,Age_30,1,0,7.125
592,1,1,Mrs,female,52,1,0,36947,78.2667,D20,C,Age_50,2,0,78.2667
593,0,3,Mr,male,47,0,0,A/5 3902,7.25,NA,S,Age_40,1,0,7.25
594,0,3,Miss,female,21.77,0,2,364848,7.75,NA,Q,Age_20,3,0,7.75
595,0,2,Mr,male,37,1,0,SC/AH 29037,26,NA,S,Age_30,2,0,26
596,0,3,Mr,male,36,1,1,345773,24.15,NA,S,Age_30,3,0,24.15
597,1,2,Miss,female,21.77,0,0,248727,33,NA,S,Age_20,1,0,33
598,0,3,Mr,male,49,0,0,LINE,0,NA,S,Age_40,1,0,0
599,0,3,Mr,male,32.37,0,0,2664,7.225,NA,C,Age_30,1,0,7.225
600,1,1,"Duff Gordon, Sir. Cosmo Edmund (""Mr Morgan"")",male,49,1,0,PC 17485,56.9292,A20,C,Age_40,2,0,56.9292
601,1,2,Mrs,female,24,2,1,243847,27,NA,S,Age_20,4,1,27
602,0,3,Mr,male,32.37,0,0,349214,7.8958,NA,S,Age_30,1,0,7.8958
603,0,1,Mr,male,32.37,0,0,113796,42.4,NA,S,Age_30,1,0,42.4
604,0,3,Mr,male,44,0,0,364511,8.05,NA,S,Age_40,1,0,8.05
605,1,1,Mr,male,35,0,0,111426,26.55,NA,C,Age_30,1,0,26.55
606,0,3,Mr,male,36,1,0,349910,15.55,NA,S,Age_30,2,0,15.55
607,0,3,Mr,male,30,0,0,349246,7.8958,NA,S,Age_30,1,0,7.8958
608,1,1,Mr,male,27,0,0,113804,30.5,NA,S,Age_20,1,0,30.5
609,1,2,Mrs,female,22,1,2,SC/Paris 2123,41.5792,NA,C,Age_20,4,1,41.5792
610,1,1,Miss,female,40,0,0,PC 17582,153.4625,C125,S,Age_40,1,0,153.4625
611,0,3,Mrs,female,39,1,5,347082,31.275,NA,S,Age_30,7,1,31.275
612,0,3,Mr,male,32.37,0,0,SOTON/O.Q. 3101305,7.05,NA,S,Age_30,1,0,7.05
613,1,3,Miss,female,21.77,1,0,367230,15.5,NA,Q,Age_20,2,0,15.5
614,0,3,Mr,male,32.37,0,0,370377,7.75,NA,Q,Age_30,1,0,7.75
615,0,3,Mr,male,35,0,0,364512,8.05,NA,S,Age_30,1,0,8.05
616,1,2,Miss,female,24,1,2,220845,65,NA,S,Age_20,4,0,65
617,0,3,Mr,male,34,1,1,347080,14.4,NA,S,Age_30,3,0,14.4
618,0,3,Mrs,female,26,1,0,A/5. 3336,16.1,NA,S,Age_20,2,0,16.1
619,1,2,Miss,female,4,2,1,230136,39,F4,S,Age_00,4,0,39
620,0,2,Mr,male,26,0,0,31028,10.5,NA,S,Age_20,1,0,10.5
621,0,3,Mr,male,27,1,0,2659,14.4542,NA,C,Age_20,2,0,14.4542
622,1,1,Mr,male,42,1,0,11753,52.5542,D19,S,Age_40,2,0,52.5542
623,1,3,Mr,male,20,1,1,2653,15.7417,NA,C,Age_20,3,0,15.7417
624,0,3,Mr,male,21,0,0,350029,7.8542,NA,S,Age_20,1,0,7.8542
625,0,3,Mr,male,21,0,0,54636,16.1,NA,S,Age_20,1,0,16.1
626,0,1,Mr,male,61,0,0,36963,32.3208,D50,S,Age_60,1,0,32.3208
627,0,2,"Kirkland, Rev. Charles Leonard",male,57,0,0,219533,12.35,NA,Q,Age_50,1,0,12.35
628,1,1,Miss,female,21,0,0,13502,77.9583,D9,S,Age_20,1,0,77.9583
629,0,3,Mr,male,26,0,0,349224,7.8958,NA,S,Age_20,1,0,7.8958
630,0,3,Mr,male,32.37,0,0,334912,7.7333,NA,Q,Age_30,1,0,7.7333
631,1,1,Mr,male,80,0,0,27042,30,A23,S,Age_80,1,0,30
632,0,3,Mr,male,51,0,0,347743,7.0542,NA,S,Age_50,1,0,7.0542
633,1,1,Dr,male,32,0,0,13214,30.5,B50,C,Age_30,1,0,30.5
634,0,1,Mr,male,32.37,0,0,112052,0,NA,S,Age_30,1,0,0
635,0,3,Miss,female,9,3,2,347088,27.9,NA,S,Age_00,6,0,27.9
636,1,2,Miss,female,28,0,0,237668,13,NA,S,Age_20,1,0,13
637,0,3,Mr,male,32,0,0,STON/O 2. 3101292,7.925,NA,S,Age_30,1,0,7.925
638,0,2,Mr,male,31,1,1,C.A. 31921,26.25,NA,S,Age_30,3,0,26.25
639,0,3,Mrs,female,41,0,5,3101295,39.6875,NA,S,Age_40,6,1,39.6875
640,0,3,Mr,male,32.37,1,0,376564,16.1,NA,S,Age_30,2,0,16.1
641,0,3,Mr,male,20,0,0,350050,7.8542,NA,S,Age_20,1,0,7.8542
642,1,1,"Sagesser, Mlle. Emma",female,24,0,0,PC 17477,69.3,B35,C,Age_20,1,0,69.3
643,0,3,Miss,female,2,3,2,347088,27.9,NA,S,Age_00,6,0,27.9
644,1,3,Mr,male,32.37,0,0,1601,56.4958,NA,S,Age_30,1,0,56.4958
645,1,3,Miss,female,0.75,2,1,2666,19.2583,NA,C,Age_00,4,0,19.2583
646,1,1,Mr,male,48,1,0,PC 17572,76.7292,D33,C,Age_40,2,0,76.7292
647,0,3,Mr,male,19,0,0,349231,7.8958,NA,S,Age_10,1,0,7.8958
648,1,1,"Simonius-Blumer, Col. Oberst Alfons",male,56,0,0,13213,35.5,A26,C,Age_50,1,0,35.5
649,0,3,Mr,male,32.37,0,0,S.O./P.P. 751,7.55,NA,S,Age_30,1,0,7.55
650,1,3,Miss,female,23,0,0,CA. 2314,7.55,NA,S,Age_20,1,0,7.55
651,0,3,Mr,male,32.37,0,0,349221,7.8958,NA,S,Age_30,1,0,7.8958
652,1,2,Miss,female,18,0,1,231919,23,NA,S,Age_10,2,0,23
653,0,3,Mr,male,21,0,0,8475,8.4333,NA,S,Age_20,1,0,8.4333
654,1,3,Miss,female,21.77,0,0,330919,7.8292,NA,Q,Age_20,1,0,7.8292
655,0,3,Miss,female,18,0,0,365226,6.75,NA,Q,Age_10,1,0,6.75
656,0,2,Mr,male,24,2,0,S.O.C. 14879,73.5,NA,S,Age_20,3,0,73.5
657,0,3,Mr,male,32.37,0,0,349223,7.8958,NA,S,Age_30,1,0,7.8958
658,0,3,Mrs,female,32,1,1,364849,15.5,NA,Q,Age_30,3,1,15.5
659,0,2,Mr,male,23,0,0,29751,13,NA,S,Age_20,1,0,13
660,0,1,Mr,male,58,0,2,35273,113.275,D48,C,Age_50,3,0,113.275
661,1,1,Dr,male,50,2,0,PC 17611,133.65,NA,S,Age_50,3,0,133.65
662,0,3,Mr,male,40,0,0,2623,7.225,NA,C,Age_40,1,0,7.225
663,0,1,Mr,male,47,0,0,5727,25.5875,E58,S,Age_40,1,0,25.5875
664,0,3,Mr,male,36,0,0,349210,7.4958,NA,S,Age_30,1,0,7.4958
665,1,3,Mr,male,20,1,0,STON/O 2. 3101285,7.925,NA,S,Age_20,2,0,7.925
666,0,2,Mr,male,32,2,0,S.O.C. 14879,73.5,NA,S,Age_30,3,0,73.5
667,0,2,Mr,male,25,0,0,234686,13,NA,S,Age_20,1,0,13
668,0,3,Mr,male,32.37,0,0,312993,7.775,NA,S,Age_30,1,0,7.775
669,0,3,Mr,male,43,0,0,A/5 3536,8.05,NA,S,Age_40,1,0,8.05
670,1,1,Mrs,female,35.9,1,0,19996,52,C126,S,Age_30,2,0,52
671,1,2,Mrs,female,40,1,1,29750,39,NA,S,Age_40,3,1,39
672,0,1,Mr,male,31,1,0,F.C. 12750,52,B71,S,Age_30,2,0,52
673,0,2,Mr,male,70,0,0,C.A. 24580,10.5,NA,S,Age_70,1,0,10.5
674,1,2,Mr,male,31,0,0,244270,13,NA,S,Age_30,1,0,13
675,0,2,Mr,male,32.37,0,0,239856,0,NA,S,Age_30,1,0,0
676,0,3,Mr,male,18,0,0,349912,7.775,NA,S,Age_10,1,0,7.775
677,0,3,Mr,male,24.5,0,0,342826,8.05,NA,S,Age_20,1,0,8.05
678,1,3,Miss,female,18,0,0,4138,9.8417,NA,S,Age_10,1,0,9.8417
679,0,3,Mrs,female,43,1,6,CA 2144,46.9,NA,S,Age_40,8,1,46.9
680,1,1,Mr,male,36,0,1,PC 17755,512.3292,B51 B53 B55,C,Age_30,2,0,164.8667
681,0,3,Miss,female,21.77,0,0,330935,8.1375,NA,Q,Age_20,1,0,8.1375
682,1,1,Mr,male,27,0,0,PC 17572,76.7292,D49,C,Age_20,1,0,76.7292
683,0,3,Mr,male,20,0,0,6563,9.225,NA,S,Age_20,1,0,9.225
684,0,3,Mr,male,14,5,2,CA 2144,46.9,NA,S,Age_10,8,0,46.9
685,0,2,Mr,male,60,1,1,29750,39,NA,S,Age_60,3,0,39
686,0,2,Mr,male,25,1,2,SC/Paris 2123,41.5792,NA,C,Age_20,4,0,41.5792
687,0,3,Mr,male,14,4,1,3101295,39.6875,NA,S,Age_10,6,0,39.6875
688,0,3,Mr,male,19,0,0,349228,10.1708,NA,S,Age_10,1,0,10.1708
689,0,3,Mr,male,18,0,0,350036,7.7958,NA,S,Age_10,1,0,7.7958
690,1,1,Miss,female,15,0,1,24160,211.3375,B5,S,Age_10,2,0,164.8667
691,1,1,Mr,male,31,1,0,17474,57,B20,S,Age_30,2,0,57
692,1,3,Miss,female,4,0,1,349256,13.4167,NA,C,Age_00,2,0,13.4167
693,1,3,Mr,male,32.37,0,0,1601,56.4958,NA,S,Age_30,1,0,56.4958
694,0,3,Mr,male,25,0,0,2672,7.225,NA,C,Age_20,1,0,7.225
695,0,1,"Weir, Col. John",male,60,0,0,113800,26.55,NA,S,Age_60,1,0,26.55
696,0,2,Mr,male,52,0,0,248731,13.5,NA,S,Age_50,1,0,13.5
697,0,3,Mr,male,44,0,0,363592,8.05,NA,S,Age_40,1,0,8.05
698,1,3,Miss,female,21.77,0,0,35852,7.7333,NA,Q,Age_20,1,0,7.7333
699,0,1,Mr,male,49,1,1,17421,110.8833,C68,C,Age_40,3,0,110.8833
700,0,3,Mr,male,42,0,0,348121,7.65,F G63,S,Age_40,1,0,7.65
701,1,1,Mrs,female,18,1,0,PC 17757,227.525,C62 C64,C,Age_10,2,0,164.8667
702,1,1,Mr,male,35,0,0,PC 17475,26.2875,E24,S,Age_30,1,0,26.2875
703,0,3,Miss,female,18,0,1,2691,14.4542,NA,C,Age_10,2,0,14.4542
704,0,3,Mr,male,25,0,0,36864,7.7417,NA,Q,Age_20,1,0,7.7417
705,0,3,Mr,male,26,1,0,350025,7.8542,NA,S,Age_20,2,0,7.8542
706,0,2,Mr,male,39,0,0,250655,26,NA,S,Age_30,1,0,26
707,1,2,Mrs,female,45,0,0,223596,13.5,NA,S,Age_40,1,0,13.5
708,1,1,Mr,male,42,0,0,PC 17476,26.2875,E24,S,Age_40,1,0,26.2875
709,1,1,Miss,female,22,0,0,113781,151.55,NA,S,Age_20,1,0,151.55
710,1,3,Master,male,4.57,1,1,2661,15.2458,NA,C,Age_00,3,0,15.2458
711,1,1,"Mayne, Mlle. Berthe Antonine (""Mrs de Villiers"")",female,24,0,0,PC 17482,49.5042,C90,C,Age_20,1,0,49.5042
712,0,1,Mr,male,32.37,0,0,113028,26.55,C124,S,Age_30,1,0,26.55
713,1,1,Mr,male,48,1,0,19996,52,C126,S,Age_40,2,0,52
714,0,3,Mr,male,29,0,0,7545,9.4833,NA,S,Age_20,1,0,9.4833
715,0,2,Mr,male,52,0,0,250647,13,NA,S,Age_50,1,0,13
716,0,3,Mr,male,19,0,0,348124,7.65,F G73,S,Age_10,1,0,7.65
717,1,1,Miss,female,38,0,0,PC 17757,227.525,C45,C,Age_30,1,0,164.8667
718,1,2,Miss,female,27,0,0,34218,10.5,E101,S,Age_20,1,0,10.5
719,0,3,Mr,male,32.37,0,0,36568,15.5,NA,Q,Age_30,1,0,15.5
720,0,3,Mr,male,33,0,0,347062,7.775,NA,S,Age_30,1,0,7.775
721,1,2,Miss,female,6,0,1,248727,33,NA,S,Age_00,2,0,33
722,0,3,Mr,male,17,1,0,350048,7.0542,NA,S,Age_10,2,0,7.0542
723,0,2,Mr,male,34,0,0,12233,13,NA,S,Age_30,1,0,13
724,0,2,Mr,male,50,0,0,250643,13,NA,S,Age_50,1,0,13
725,1,1,Mr,male,27,1,0,113806,53.1,E8,S,Age_20,2,0,53.1
726,0,3,Mr,male,20,0,0,315094,8.6625,NA,S,Age_20,1,0,8.6625
727,1,2,Mrs,female,30,3,0,31027,21,NA,S,Age_30,4,0,21
728,1,3,Miss,female,21.77,0,0,36866,7.7375,NA,Q,Age_20,1,0,7.7375
729,0,2,Mr,male,25,1,0,236853,26,NA,S,Age_20,2,0,26
730,0,3,Miss,female,25,1,0,STON/O2. 3101271,7.925,NA,S,Age_20,2,0,7.925
731,1,1,Miss,female,29,0,0,24160,211.3375,B5,S,Age_20,1,0,164.8667
732,0,3,Mr,male,11,0,0,2699,18.7875,NA,C,Age_10,1,0,18.7875
733,0,2,Mr,male,32.37,0,0,239855,0,NA,S,Age_30,1,0,0
734,0,2,Mr,male,23,0,0,28425,13,NA,S,Age_20,1,0,13
735,0,2,Mr,male,23,0,0,233639,13,NA,S,Age_20,1,0,13
736,0,3,Mr,male,28.5,0,0,54636,16.1,NA,S,Age_20,1,0,16.1
737,0,3,Mrs,female,48,1,3,W./C. 6608,34.375,NA,S,Age_40,5,1,34.375
738,1,1,Mr,male,35,0,0,PC 17755,512.3292,B101,C,Age_30,1,0,164.8667
739,0,3,Mr,male,32.37,0,0,349201,7.8958,NA,S,Age_30,1,0,7.8958
740,0,3,Mr,male,32.37,0,0,349218,7.8958,NA,S,Age_30,1,0,7.8958
741,1,1,Mr,male,32.37,0,0,16988,30,D45,S,Age_30,1,0,30
742,0,1,Mr,male,36,1,0,19877,78.85,C46,S,Age_30,2,0,78.85
743,1,1,Miss,female,21,2,2,PC 17608,262.375,B57 B59 B63 B66,C,Age_20,5,0,164.8667
744,0,3,Mr,male,24,1,0,376566,16.1,NA,S,Age_20,2,0,16.1
745,1,3,Mr,male,31,0,0,STON/O 2. 3101288,7.925,NA,S,Age_30,1,0,7.925
746,0,1,"Crosby, Capt. Edward Gifford",male,70,1,1,WE/P 5735,71,B22,S,Age_70,3,0,71
747,0,3,Mr,male,16,1,1,C.A. 2673,20.25,NA,S,Age_10,3,0,20.25
748,1,2,Miss,female,30,0,0,250648,13,NA,S,Age_30,1,0,13
749,0,1,Mr,male,19,1,0,113773,53.1,D30,S,Age_10,2,0,53.1
750,0,3,Mr,male,31,0,0,335097,7.75,NA,Q,Age_30,1,0,7.75
751,1,2,Miss,female,4,1,1,29103,23,NA,S,Age_00,3,0,23
752,1,3,Master,male,6,0,1,392096,12.475,E121,S,Age_00,2,0,12.475
753,0,3,Mr,male,33,0,0,345780,9.5,NA,S,Age_30,1,0,9.5
754,0,3,Mr,male,23,0,0,349204,7.8958,NA,S,Age_20,1,0,7.8958
755,1,2,Mrs,female,48,1,2,220845,65,NA,S,Age_40,4,1,65
756,1,2,Master,male,0.67,1,1,250649,14.5,NA,S,Age_00,3,0,14.5
757,0,3,Mr,male,28,0,0,350042,7.7958,NA,S,Age_20,1,0,7.7958
758,0,2,Mr,male,18,0,0,29108,11.5,NA,S,Age_10,1,0,11.5
759,0,3,Mr,male,34,0,0,363294,8.05,NA,S,Age_30,1,0,8.05
760,1,1,"Rothes, the Countess. of (Lucy Noel Martha Dyer-Edwards)",female,33,0,0,110152,86.5,B77,S,Age_30,1,0,86.5
761,0,3,Mr,male,32.37,0,0,358585,14.5,NA,S,Age_30,1,0,14.5
762,0,3,Mr,male,41,0,0,SOTON/O2 3101272,7.125,NA,S,Age_40,1,0,7.125
763,1,3,Mr,male,20,0,0,2663,7.2292,NA,C,Age_20,1,0,7.2292
764,1,1,Mrs,female,36,1,2,113760,120,B96 B98,S,Age_30,4,1,120
765,0,3,Mr,male,16,0,0,347074,7.775,NA,S,Age_10,1,0,7.775
766,1,1,Mrs,female,51,1,0,13502,77.9583,D11,S,Age_50,2,0,77.9583
767,0,1,Dr,male,42,0,0,112379,39.6,NA,C,Age_40,1,0,39.6
768,0,3,Miss,female,30.5,0,0,364850,7.75,NA,Q,Age_30,1,0,7.75
769,0,3,Mr,male,32.37,1,0,371110,24.15,NA,Q,Age_30,2,0,24.15
770,0,3,Mr,male,32,0,0,8471,8.3625,NA,S,Age_30,1,0,8.3625
771,0,3,Mr,male,24,0,0,345781,9.5,NA,S,Age_20,1,0,9.5
772,0,3,Mr,male,48,0,0,350047,7.8542,NA,S,Age_40,1,0,7.8542
773,0,2,Mrs,female,57,0,0,S.O./P.P. 3,10.5,E77,S,Age_50,1,0,10.5
774,0,3,Mr,male,32.37,0,0,2674,7.225,NA,C,Age_30,1,0,7.225
775,1,2,Mrs,female,54,1,3,29105,23,NA,S,Age_50,5,1,23
776,0,3,Mr,male,18,0,0,347078,7.75,NA,S,Age_10,1,0,7.75
777,0,3,Mr,male,32.37,0,0,383121,7.75,F38,Q,Age_30,1,0,7.75
778,1,3,Miss,female,5,0,0,364516,12.475,NA,S,Age_00,1,0,12.475
779,0,3,Mr,male,32.37,0,0,36865,7.7375,NA,Q,Age_30,1,0,7.7375
780,1,1,Mrs,female,43,0,1,24160,211.3375,B3,S,Age_40,2,1,164.8667
781,1,3,Miss,female,13,0,0,2687,7.2292,NA,C,Age_10,1,0,7.2292
782,1,1,Mrs,female,17,1,0,17474,57,B20,S,Age_10,2,0,57
783,0,1,Mr,male,29,0,0,113501,30,D6,S,Age_20,1,0,30
784,0,3,Mr,male,32.37,1,2,W./C. 6607,23.45,NA,S,Age_30,4,0,23.45
785,0,3,Mr,male,25,0,0,SOTON/O.Q. 3101312,7.05,NA,S,Age_20,1,0,7.05
786,0,3,Mr,male,25,0,0,374887,7.25,NA,S,Age_20,1,0,7.25
787,1,3,Miss,female,18,0,0,3101265,7.4958,NA,S,Age_10,1,0,7.4958
788,0,3,Master,male,8,4,1,382652,29.125,NA,Q,Age_00,6,0,29.125
789,1,3,Master,male,1,1,2,C.A. 2315,20.575,NA,S,Age_00,4,0,20.575
790,0,1,Mr,male,46,0,0,PC 17593,79.2,B82 B84,C,Age_40,1,0,79.2
791,0,3,Mr,male,32.37,0,0,12460,7.75,NA,Q,Age_30,1,0,7.75
792,0,2,Mr,male,16,0,0,239865,26,NA,S,Age_10,1,0,26
793,0,3,Miss,female,21.77,8,2,CA. 2343,69.55,NA,S,Age_20,11,0,69.55
794,0,1,Mr,male,32.37,0,0,PC 17600,30.6958,NA,C,Age_30,1,0,30.6958
795,0,3,Mr,male,25,0,0,349203,7.8958,NA,S,Age_20,1,0,7.8958
796,0,2,Mr,male,39,0,0,28213,13,NA,S,Age_30,1,0,13
797,1,1,Dr,female,49,0,0,17465,25.9292,D17,S,Age_40,1,0,25.9292
798,1,3,Mrs,female,31,0,0,349244,8.6833,NA,S,Age_30,1,0,8.6833
799,0,3,Mr,male,30,0,0,2685,7.2292,NA,C,Age_30,1,0,7.2292
800,0,3,Mrs,female,30,1,1,345773,24.15,NA,S,Age_30,3,1,24.15
801,0,2,Mr,male,34,0,0,250647,13,NA,S,Age_30,1,0,13
802,1,2,Mrs,female,31,1,1,C.A. 31921,26.25,NA,S,Age_30,3,1,26.25
803,1,1,Master,male,11,1,2,113760,120,B96 B98,S,Age_10,4,0,120
804,1,3,Master,male,0.42,0,1,2625,8.5167,NA,C,Age_00,2,0,8.5167
805,1,3,Mr,male,27,0,0,347089,6.975,NA,S,Age_20,1,0,6.975
806,0,3,Mr,male,31,0,0,347063,7.775,NA,S,Age_30,1,0,7.775
807,0,1,Mr,male,39,0,0,112050,0,A36,S,Age_30,1,0,0
808,0,3,Miss,female,18,0,0,347087,7.775,NA,S,Age_10,1,0,7.775
809,0,2,Mr,male,39,0,0,248723,13,NA,S,Age_30,1,0,13
810,1,1,Mrs,female,33,1,0,113806,53.1,E8,S,Age_30,2,0,53.1
811,0,3,Mr,male,26,0,0,3474,7.8875,NA,S,Age_20,1,0,7.8875
812,0,3,Mr,male,39,0,0,A/4 48871,24.15,NA,S,Age_30,1,0,24.15
813,0,2,Mr,male,35,0,0,28206,10.5,NA,S,Age_30,1,0,10.5
814,0,3,Miss,female,6,4,2,347082,31.275,NA,S,Age_00,7,0,31.275
815,0,3,Mr,male,30.5,0,0,364499,8.05,NA,S,Age_30,1,0,8.05
816,0,1,Mr,male,32.37,0,0,112058,0,B102,S,Age_30,1,0,0
817,0,3,Miss,female,23,0,0,STON/O2. 3101290,7.925,NA,S,Age_20,1,0,7.925
818,0,2,Mr,male,31,1,1,S.C./PARIS 2079,37.0042,NA,C,Age_30,3,0,37.0042
819,0,3,Mr,male,43,0,0,C 7075,6.45,NA,S,Age_40,1,0,6.45
820,0,3,Master,male,10,3,2,347088,27.9,NA,S,Age_10,6,0,27.9
821,1,1,Mrs,female,52,1,1,12749,93.5,B69,S,Age_50,3,1,93.5
822,1,3,Mr,male,27,0,0,315098,8.6625,NA,S,Age_20,1,0,8.6625
823,0,1,"Reuchlin, Jonkheer. John George",male,38,0,0,19972,0,NA,S,Age_30,1,0,0
824,1,3,Mrs,female,27,0,1,392096,12.475,E121,S,Age_20,2,1,12.475
825,0,3,Master,male,2,4,1,3101295,39.6875,NA,S,Age_00,6,0,39.6875
826,0,3,Mr,male,32.37,0,0,368323,6.95,NA,Q,Age_30,1,0,6.95
827,0,3,Mr,male,32.37,0,0,1601,56.4958,NA,S,Age_30,1,0,56.4958
828,1,2,Master,male,1,0,2,S.C./PARIS 2079,37.0042,NA,C,Age_00,3,0,37.0042
829,1,3,Mr,male,32.37,0,0,367228,7.75,NA,Q,Age_30,1,0,7.75
830,1,1,Mrs,female,62,0,0,113572,80,B28,S,Age_60,1,0,80
831,1,3,Mrs,female,15,1,0,2659,14.4542,NA,C,Age_10,2,0,14.4542
832,1,2,Master,male,0.83,1,1,29106,18.75,NA,S,Age_00,3,0,18.75
833,0,3,Mr,male,32.37,0,0,2671,7.2292,NA,C,Age_30,1,0,7.2292
834,0,3,Mr,male,23,0,0,347468,7.8542,NA,S,Age_20,1,0,7.8542
835,0,3,Mr,male,18,0,0,2223,8.3,NA,S,Age_10,1,0,8.3
836,1,1,Miss,female,39,1,1,PC 17756,83.1583,E49,C,Age_30,3,0,83.1583
837,0,3,Mr,male,21,0,0,315097,8.6625,NA,S,Age_20,1,0,8.6625
838,0,3,Mr,male,32.37,0,0,392092,8.05,NA,S,Age_30,1,0,8.05
839,1,3,Mr,male,32,0,0,1601,56.4958,NA,S,Age_30,1,0,56.4958
840,1,1,Mr,male,32.37,0,0,11774,29.7,C47,C,Age_30,1,0,29.7
841,0,3,Mr,male,20,0,0,SOTON/O2 3101287,7.925,NA,S,Age_20,1,0,7.925
842,0,2,Mr,male,16,0,0,S.O./P.P. 3,10.5,NA,S,Age_10,1,0,10.5
843,1,1,Miss,female,30,0,0,113798,31,NA,C,Age_30,1,0,31
844,0,3,Mr,male,34.5,0,0,2683,6.4375,NA,C,Age_30,1,0,6.4375
845,0,3,Mr,male,17,0,0,315090,8.6625,NA,S,Age_10,1,0,8.6625
846,0,3,Mr,male,42,0,0,C.A. 5547,7.55,NA,S,Age_40,1,0,7.55
847,0,3,Mr,male,32.37,8,2,CA. 2343,69.55,NA,S,Age_30,11,0,69.55
848,0,3,Mr,male,35,0,0,349213,7.8958,NA,C,Age_30,1,0,7.8958
849,0,2,"Harper, Rev. John",male,28,0,1,248727,33,NA,S,Age_20,2,0,33
850,1,1,Mrs,female,35.9,1,0,17453,89.1042,C92,C,Age_30,2,0,89.1042
851,0,3,Master,male,4,4,2,347082,31.275,NA,S,Age_00,7,0,31.275
852,0,3,Mr,male,74,0,0,347060,7.775,NA,S,Age_70,1,0,7.775
853,0,3,Miss,female,9,1,1,2678,15.2458,NA,C,Age_00,3,0,15.2458
854,1,1,Miss,female,16,0,1,PC 17592,39.4,D28,S,Age_10,2,0,39.4
855,0,2,Mrs,female,44,1,0,244252,26,NA,S,Age_40,2,0,26
856,1,3,Mrs,female,18,0,1,392091,9.35,NA,S,Age_10,2,1,9.35
857,1,1,Mrs,female,45,1,1,36928,164.8667,NA,S,Age_40,3,1,164.8667
858,1,1,Mr,male,51,0,0,113055,26.55,E17,S,Age_50,1,0,26.55
859,1,3,Mrs,female,24,0,3,2666,19.2583,NA,C,Age_20,4,1,19.2583
860,0,3,Mr,male,32.37,0,0,2629,7.2292,NA,C,Age_30,1,0,7.2292
861,0,3,Mr,male,41,2,0,350026,14.1083,NA,S,Age_40,3,0,14.1083
862,0,2,Mr,male,21,1,0,28134,11.5,NA,S,Age_20,2,0,11.5
863,1,1,Mrs,female,48,0,0,17466,25.9292,D17,S,Age_40,1,0,25.9292
864,0,3,Miss,female,21.77,8,2,CA. 2343,69.55,NA,S,Age_20,11,0,69.55
865,0,2,Mr,male,24,0,0,233866,13,NA,S,Age_20,1,0,13
866,1,2,Mrs,female,42,0,0,236852,13,NA,S,Age_40,1,0,13
867,1,2,Miss,female,27,1,0,SC/PARIS 2149,13.8583,NA,C,Age_20,2,0,13.8583
868,0,1,Mr,male,31,0,0,PC 17590,50.4958,A24,S,Age_30,1,0,50.4958
869,0,3,Mr,male,32.37,0,0,345777,9.5,NA,S,Age_30,1,0,9.5
870,1,3,Master,male,4,1,1,347742,11.1333,NA,S,Age_00,3,0,11.1333
871,0,3,Mr,male,26,0,0,349248,7.8958,NA,S,Age_20,1,0,7.8958
872,1,1,Mrs,female,47,1,1,11751,52.5542,D35,S,Age_40,3,1,52.5542
873,0,1,Mr,male,33,0,0,695,5,B51 B53 B55,S,Age_30,1,0,5
874,0,3,Mr,male,47,0,0,345765,9,NA,S,Age_40,1,0,9
875,1,2,Mrs,female,28,1,0,P/PP 3381,24,NA,C,Age_20,2,0,24
876,1,3,Miss,female,15,0,0,2667,7.225,NA,C,Age_10,1,0,7.225
877,0,3,Mr,male,20,0,0,7534,9.8458,NA,S,Age_20,1,0,9.8458
878,0,3,Mr,male,19,0,0,349212,7.8958,NA,S,Age_10,1,0,7.8958
879,0,3,Mr,male,32.37,0,0,349217,7.8958,NA,S,Age_30,1,0,7.8958
880,1,1,Mrs,female,56,0,1,11767,83.1583,C50,C,Age_50,2,1,83.1583
881,1,2,Mrs,female,25,0,1,230433,26,NA,S,Age_20,2,1,26
882,0,3,Mr,male,33,0,0,349257,7.8958,NA,S,Age_30,1,0,7.8958
883,0,3,Miss,female,22,0,0,7552,10.5167,NA,S,Age_20,1,0,10.5167
884,0,2,Mr,male,28,0,0,C.A./SOTON 34068,10.5,NA,S,Age_20,1,0,10.5
885,0,3,Mr,male,25,0,0,SOTON/OQ 392076,7.05,NA,S,Age_20,1,0,7.05
886,0,3,Mrs,female,39,0,5,382652,29.125,NA,Q,Age_30,6,1,29.125
887,0,2,"Montvila, Rev. Juozas",male,27,0,0,211536,13,NA,S,Age_20,1,0,13
888,1,1,Miss,female,19,0,0,112053,30,B42,S,Age_10,1,0,30
889,0,3,Miss,female,21.77,1,2,W./C. 6607,23.45,NA,S,Age_20,4,0,23.45
890,1,1,Mr,male,26,0,0,111369,30,C148,C,Age_20,1,0,30
891,0,3,Mr,male,32,0,0,370376,7.75,NA,Q,Age_30,1,0,7.75
